Paro registrado;;;;;;;;;;;;;;;;;;;;;;;;;;;;;;;;;;;;;;;;;;;;;;;;;;;;;;;;;;;;;;;;;;;;;;;
Paro registrado en la Ciudad de Madrid (desde mayo de 2005);;;;;;;;;;;;;;;;;;;;;;;;;;;;;;;;;;;;;;;;;;;;;;;;;;;;;;;;;;;;;;;;;;;;;;;
Características;;;;;;;;;;;;;;;;;;;;;;;;;;;;;;;;;;;;;;;;;;;;;;;;;;;;;;;;;;;;;;;;;;;;;;;
3.2.4.B. Paro registrado por Distrito, Sección de actividad (CNAE-09) y Sexo por Mes (desde 2012 a diciembre de 2018);;;;;;;;;;;;;;;;;;;;;;;;;;;;;;;;;;;;;;;;;;;;;;;;;;;;;;;;;;;;;;;;;;;;;;;
;;;Ambos sexos;Ambos sexos;Ambos sexos;Ambos sexos;Ambos sexos;Ambos sexos;Ambos sexos;Ambos sexos;Ambos sexos;Ambos sexos;Ambos sexos;Ambos sexos;Ambos sexos;Ambos sexos;Ambos sexos;Ambos sexos;Ambos sexos;Ambos sexos;Ambos sexos;Ambos sexos;Ambos sexos;Ambos sexos;Ambos sexos;Hombres;Hombres;Hombres;Hombres;Hombres;Hombres;Hombres;Hombres;Hombres;Hombres;Hombres;Hombres;Hombres;Hombres;Hombres;Hombres;Hombres;Hombres;Hombres;Hombres;Hombres;Hombres;Hombres;Mujeres;Mujeres;Mujeres;Mujeres;Mujeres;Mujeres;Mujeres;Mujeres;Mujeres;Mujeres;Mujeres;Mujeres;Mujeres;Mujeres;Mujeres;Mujeres;Mujeres;Mujeres;Mujeres;Mujeres;Mujeres;Mujeres;Mujeres
;;;Total;A Agricultura, ganadería, silvicultura y pesca;B Industrias extractivas;C Industria manufacturera;D Suministro de energía eléctrica, gas, vapor y aire acondicionado;E Suministro de agua, actividades de saneamiento, gestión de residuos y descontaminación;F Construcción;"G Comercio al por mayor y al por menor; reparación de vehículos de motor y motocicletas";H Transporte y almacenamiento;I Hostelería;J Información y comunicaciones;K Actividades financieras y de seguros;L Actividades inmobiliarias;M Actividades profesionales, científicas y técnicas;N Actividades administrativas y servicios auxiliares;"O Administración Pública y defensa; Seguridad Social obligatoria";P Educación;Q Actividades sanitarias y de servicios sociales;R Actividades artísticas, recreativas y de entretenimiento;S Otros servicios;T Actividades de hogares;U Actividades de organizaciones y organismos extraterritoriales;Sin actividad económica (Sin empleo anterior);Total;A Agricultura, ganadería, silvicultura y pesca;B Industrias extractivas;C Industria manufacturera;D Suministro de energía eléctrica, gas, vapor y aire acondicionado;E Suministro de agua, actividades de saneamiento, gestión de residuos y descontaminación;F Construcción;"G Comercio al por mayor y al por menor; reparación de vehículos de motor y motocicletas";H Transporte y almacenamiento;I Hostelería;J Información y comunicaciones;K Actividades financieras y de seguros;L Actividades inmobiliarias;M Actividades profesionales, científicas y técnicas;N Actividades administrativas y servicios auxiliares;"O Administración Pública y defensa; Seguridad Social obligatoria";P Educación;Q Actividades sanitarias y de servicios sociales;R Actividades artísticas, recreativas y de entretenimiento;S Otros servicios;T Actividades de hogares;U Actividades de organizaciones y organismos extraterritoriales;Sin actividad económica (Sin empleo anterior);Total;A Agricultura, ganadería, silvicultura y pesca;B Industrias extractivas;C Industria manufacturera;D Suministro de energía eléctrica, gas, vapor y aire acondicionado;E Suministro de agua, actividades de saneamiento, gestión de residuos y descontaminación;F Construcción;"G Comercio al por mayor y al por menor; reparación de vehículos de motor y motocicletas";H Transporte y almacenamiento;I Hostelería;J Información y comunicaciones;K Actividades financieras y de seguros;L Actividades inmobiliarias;M Actividades profesionales, científicas y técnicas;N Actividades administrativas y servicios auxiliares;"O Administración Pública y defensa; Seguridad Social obligatoria";P Educación;Q Actividades sanitarias y de servicios sociales;R Actividades artísticas, recreativas y de entretenimiento;S Otros servicios;T Actividades de hogares;U Actividades de organizaciones y organismos extraterritoriales;Sin actividad económica (Sin empleo anterior)
Ciudad de Madrid;2013;Enero;253.669;1.733;301;11.702;133;4.515;32.499;29.135;11.198;21.176;11.478;2.729;1.821;43.111;37.133;4.988;6.747;9.805;4.890;7.022;2.440;139;8.974;127.047;1.200;125;7.059;89;2.033;28.547;13.006;7.563;9.340;5.937;1.154;754;19.061;16.196;1.579;2.001;1.902;2.465;2.382;1.207;61;3.386;126.622;533;176;4.643;44;2.482;3.952;16.129;3.635;11.836;5.541;1.575;1.067;24.050;20.937;3.409;4.746;7.903;2.425;4.640;1.233;78;5.588
Ciudad de Madrid;2013;Febrero;256.787;1.774;303;11.749;133;4.476;32.491;29.896;11.434;21.751;11.576;2.707;1.862;43.519;37.560;4.956;6.596;9.822;4.962;7.067;2.674;142;9.337;128.598;1.212;124;7.086;86;2.018;28.484;13.374;7.764;9.640;5.996;1.145;768;19.248;16.425;1.595;1.955;1.916;2.534;2.406;1.231;64;3.527;128.189;562;179;4.663;47;2.458;4.007;16.522;3.670;12.111;5.580;1.562;1.094;24.271;21.135;3.361;4.641;7.906;2.428;4.661;1.443;78;5.810
Ciudad de Madrid;2013;Marzo;257.657;1.803;305;11.787;147;4.442;32.651;30.109;11.436;21.832;11.778;2.699;1.872;43.627;37.643;4.908;6.513;9.549;4.972;7.115;2.795;138;9.536;129.300;1.239;124;7.116;98;2.017;28.665;13.485;7.772;9.664;6.161;1.117;785;19.315;16.490;1.556;1.932;1.867;2.552;2.423;1.216;61;3.645;128.357;564;181;4.671;49;2.425;3.986;16.624;3.664;12.168;5.617;1.582;1.087;24.312;21.153;3.352;4.581;7.682;2.420;4.692;1.579;77;5.891
Ciudad de Madrid;2013;Abril;256.650;1.740;305;11.674;148;4.398;32.134;30.165;11.439;21.655;11.885;2.720;1.879;43.700;37.302;4.855;6.416;9.556;4.802;7.054;3.008;142;9.673;128.295;1.178;125;7.011;98;1.993;28.170;13.502;7.778;9.518;6.179;1.111;795;19.269;16.303;1.560;1.945;1.899;2.460;2.407;1.248;65;3.681;128.355;562;180;4.663;50;2.405;3.964;16.663;3.661;12.137;5.706;1.609;1.084;24.431;20.999;3.295;4.471;7.657;2.342;4.647;1.760;77;5.992
Ciudad de Madrid;2013;Mayo;252.846;1.669;307;11.408;144;4.348;31.254;29.648;11.347;21.028;11.942;2.744;1.850;43.555;36.551;4.703;6.289;9.531;4.739;6.972;3.188;141;9.488;126.024;1.128;128;6.850;93;1.979;27.334;13.256;7.663;9.194;6.250;1.121;784;19.228;15.963;1.503;1.897;1.901;2.391;2.392;1.261;60;3.648;126.822;541;179;4.558;51;2.369;3.920;16.392;3.684;11.834;5.692;1.623;1.066;24.327;20.588;3.200;4.392;7.630;2.348;4.580;1.927;81;5.840
Ciudad de Madrid;2013;Junio;247.525;1.627;304;11.254;137;4.230;30.380;29.051;11.106;20.674;11.866;2.687;1.801;42.763;35.499;4.650;6.607;8.994;4.530;6.790;3.194;140;9.241;122.696;1.104;129;6.729;85;1.908;26.497;13.009;7.471;8.825;6.254;1.130;760;18.831;15.394;1.487;1.980;1.779;2.252;2.304;1.188;58;3.522;124.829;523;175;4.525;52;2.322;3.883;16.042;3.635;11.849;5.612;1.557;1.041;23.932;20.105;3.163;4.627;7.215;2.278;4.486;2.006;82;5.719
Ciudad de Madrid;2013;Julio;247.801;1.606;311;11.144;152;4.073;29.449;28.724;10.850;20.803;12.163;2.747;1.803;42.768;34.985;4.863;9.458;7.951;4.712;6.816;3.092;141;9.190;121.326;1.090;138;6.637;89;1.786;25.552;12.885;7.235;8.881;6.445;1.142;763;18.699;15.062;1.511;2.625;1.563;2.293;2.276;1.074;61;3.519;126.475;516;173;4.507;63;2.287;3.897;15.839;3.615;11.922;5.718;1.605;1.040;24.069;19.923;3.352;6.833;6.388;2.419;4.540;2.018;80;5.671
Ciudad de Madrid;2013;Agosto;248.520;1.564;295;11.166;140;4.106;28.931;28.768;10.825;20.998;12.205;2.811;1.795;42.774;34.892;5.049;10.313;7.999;4.771;6.873;3.109;144;8.992;121.241;1.062;126;6.658;83;1.849;25.048;12.866;7.256;9.035;6.409;1.166;755;18.664;15.083;1.568;2.819;1.586;2.333;2.301;1.066;62;3.446;127.279;502;169;4.508;57;2.257;3.883;15.902;3.569;11.963;5.796;1.645;1.040;24.110;19.809;3.481;7.494;6.413;2.438;4.572;2.043;82;5.546
Ciudad de Madrid;2013;Septiembre;249.062;1.574;297;11.129;146;4.124;29.110;29.125;10.872;20.770;11.873;2.814;1.800;42.509;35.641;4.992;8.378;8.548;4.813;6.926;3.703;150;9.768;122.216;1.061;131;6.640;89;1.909;25.300;13.031;7.241;8.965;6.232;1.179;776;18.560;15.501;1.579;2.393;1.714;2.296;2.366;1.401;65;3.787;126.846;513;166;4.489;57;2.215;3.810;16.094;3.631;11.805;5.641;1.635;1.024;23.949;20.140;3.413;5.985;6.834;2.517;4.560;2.302;85;5.981
Ciudad de Madrid;2013;Octubre;251.283;1.738;321;11.164;148;4.106;29.337;29.524;11.102;21.188;11.726;2.842;1.793;42.503;36.631;4.901;6.846;9.439;4.797;6.906;3.993;154;10.124;123.902;1.209;145;6.671;90;1.920;25.549;13.220;7.397;9.286;6.176;1.199;778;18.534;16.017;1.584;1.994;1.859;2.348;2.358;1.561;65;3.942;127.381;529;176;4.493;58;2.186;3.788;16.304;3.705;11.902;5.550;1.643;1.015;23.969;20.614;3.317;4.852;7.580;2.449;4.548;2.432;89;6.182
Ciudad de Madrid;2013;Noviembre;250.006;1.851;333;11.147;148;4.008;29.235;29.103;11.091;21.395;11.612;2.866;1.792;42.247;36.402;4.838;6.583;9.194;4.774;6.833;4.112;177;10.265;123.528;1.287;154;6.641;92;1.870;25.475;13.043;7.377;9.454;6.134;1.214;782;18.391;15.973;1.552;1.916;1.843;2.338;2.349;1.565;71;4.007;126.478;564;179;4.506;56;2.138;3.760;16.060;3.714;11.941;5.478;1.652;1.010;23.856;20.429;3.286;4.667;7.351;2.436;4.484;2.547;106;6.258
Ciudad de Madrid;2013;Diciembre;242.836;1.776;337;11.020;139;3.810;29.427;27.998;10.735;20.570;11.453;2.818;1.762;41.085;35.111;4.745;6.549;8.691;4.583;6.589;3.923;167;9.548;120.974;1.226;154;6.658;85;1.806;25.721;12.648;7.176;9.139;6.057;1.208;777;17.968;15.434;1.558;1.899;1.770;2.236;2.242;1.461;68;3.683;121.862;550;183;4.362;54;2.004;3.706;15.350;3.559;11.431;5.396;1.610;985;23.117;19.677;3.187;4.650;6.921;2.347;4.347;2.462;99;5.865
01. Centro;2013;Enero;12.168;81;10;422;6;163;946;1.320;287;1.540;999;139;86;2.116;1.544;262;418;424;571;353;118;10;353;6.397;62;5;252;5;87;819;628;211;872;525;71;46;1.010;784;110;162;102;285;147;66;3;145;5.771;19;5;170;1;76;127;692;76;668;474;68;40;1.106;760;152;256;322;286;206;52;7;208
01. Centro;2013;Febrero;12.153;82;10;415;7;162;941;1.335;280;1.526;967;133;91;2.126;1.539;254;422;434;585;354;120;8;362;6.366;63;5;247;5;89;814;633;204;876;507;69;48;999;780;102;163;108;295;149;62;1;147;5.787;19;5;168;2;73;127;702;76;650;460;64;43;1.127;759;152;259;326;290;205;58;7;215
01. Centro;2013;Marzo;12.265;93;10;426;7;167;949;1.346;287;1.583;958;133;92;2.125;1.568;258;413;412;572;361;134;8;363;6.500;71;5;249;5;94;816;637;207;901;530;65;51;1.020;795;104;162;106;300;152;67;3;160;5.765;22;5;177;2;73;133;709;80;682;428;68;41;1.105;773;154;251;306;272;209;67;5;203
01. Centro;2013;Abril;12.113;81;9;413;7;170;942;1.362;291;1.539;937;131;94;2.130;1.555;236;388;428;558;339;132;12;359;6.397;62;5;245;5;95;811;642;212;872;514;63;51;1.001;796;102;151;110;286;146;67;4;157;5.716;19;4;168;2;75;131;720;79;667;423;68;43;1.129;759;134;237;318;272;193;65;8;202
01. Centro;2013;Mayo;12.001;79;11;399;6;174;923;1.332;291;1.509;974;127;96;2.115;1.523;226;370;430;575;335;136;15;355;6.320;62;6;234;4;103;800;631;209;848;531;70;51;988;773;93;145;115;303;139;61;4;150;5.681;17;5;165;2;71;123;701;82;661;443;57;45;1.127;750;133;225;315;272;196;75;11;205
01. Centro;2013;Junio;11.665;79;11;370;8;175;881;1.288;256;1.475;947;127;95;2.084;1.468;209;395;403;563;339;145;13;334;6.134;63;6;221;4;103;752;619;182;832;510;69;51;951;763;88;165;110;290;142;62;5;146;5.531;16;5;149;4;72;129;669;74;643;437;58;44;1.133;705;121;230;293;273;197;83;8;188
01. Centro;2013;Julio;11.818;72;10;371;8;170;837;1.283;250;1.474;980;125;93;2.066;1.475;220;601;361;564;355;143;11;349;6.149;59;5;212;4;100;712;624;178;845;523;62;48;957;756;94;224;100;288;146;53;4;155;5.669;13;5;159;4;70;125;659;72;629;457;63;45;1.109;719;126;377;261;276;209;90;7;194
01. Centro;2013;Agosto;11.855;69;8;392;8;177;831;1.288;240;1.475;1.006;126;92;2.077;1.448;228;657;341;543;362;147;10;330;6.157;57;3;231;4;107;700;614;175;832;525;63;49;958;760;95;245;97;280;148;62;2;150;5.698;12;5;161;4;70;131;674;65;643;481;63;43;1.119;688;133;412;244;263;214;85;8;180
01. Centro;2013;Septiembre;11.636;70;9;374;9;179;842;1.293;247;1.494;931;129;91;2.045;1.459;223;509;360;521;329;168;9;345;6.076;58;4;223;5;111;715;609;177;830;492;62;48;951;748;99;199;106;279;133;70;1;156;5.560;12;5;151;4;68;127;684;70;664;439;67;43;1.094;711;124;310;254;242;196;98;8;189
01. Centro;2013;Octubre;11.512;85;13;384;8;174;835;1.287;249;1.512;905;142;95;2.011;1.435;208;393;386;512;324;174;10;370;6.041;72;5;229;3;109;709;617;179;851;468;64;55;918;741;93;164;114;280;137;77;3;153;5.471;13;8;155;5;65;126;670;70;661;437;78;40;1.093;694;115;229;272;232;187;97;7;217
01. Centro;2013;Noviembre;11.478;89;14;387;7;165;824;1.265;264;1.518;913;135;103;2.038;1.429;205;387;374;489;323;174;9;366;6.060;74;7;228;3;102;704;618;195;858;484;62;57;942;736;92;163;106;258;132;82;3;154;5.418;15;7;159;4;63;120;647;69;660;429;73;46;1.096;693;113;224;268;231;191;92;6;212
01. Centro;2013;Diciembre;11.183;80;15;386;7;161;843;1.224;262;1.483;930;142;88;1.946;1.386;192;390;353;485;311;153;10;336;5.926;66;7;223;3;100;720;600;195;843;496;66;48;905;715;85;150;110;249;128;70;3;144;5.257;14;8;163;4;61;123;624;67;640;434;76;40;1.041;671;107;240;243;236;183;83;7;192
02. Arganzuela;2013;Enero;11.254;82;1;488;8;154;1.081;1.253;338;1.045;819;201;86;1.843;1.519;263;399;490;379;310;90;3;402;5.327;51;0;277;6;59;894;544;246;501;417;94;39;760;666;63;110;102;165;105;47;1;180;5.927;31;1;211;2;95;187;709;92;544;402;107;47;1.083;853;200;289;388;214;205;43;2;222
02. Arganzuela;2013;Febrero;11.263;83;2;483;9;153;1.064;1.281;343;1.061;832;205;86;1.856;1.464;266;381;497;380;312;105;2;398;5.336;51;1;280;6;57;878;556;247;518;431;94;39;774;632;70;107;103;167;100;47;1;177;5.927;32;1;203;3;96;186;725;96;543;401;111;47;1.082;832;196;274;394;213;212;58;1;221
02. Arganzuela;2013;Marzo;11.168;80;1;470;9;151;1.031;1.268;340;1.033;799;195;85;1.855;1.495;263;382;476;402;316;116;4;397;5.286;51;0;273;6;58;853;552;239;486;410;91;39;789;657;67;104;97;187;105;46;2;174;5.882;29;1;197;3;93;178;716;101;547;389;104;46;1.066;838;196;278;379;215;211;70;2;223
02. Arganzuela;2013;Abril;11.134;96;1;451;10;149;1.006;1.301;326;1.018;806;208;85;1.866;1.485;258;374;475;368;308;128;6;409;5.253;58;0;261;6;59;827;555;232;478;415;94;40;798;645;68;108;103;171;102;45;5;183;5.881;38;1;190;4;90;179;746;94;540;391;114;45;1.068;840;190;266;372;197;206;83;1;226
02. Arganzuela;2013;Mayo;11.041;88;2;447;11;145;959;1.282;331;972;816;216;81;1.876;1.473;253;368;496;359;303;138;5;420;5.188;52;1;260;7;56;782;549;232;445;425;98;40;803;635;68;111;107;166;101;50;4;196;5.853;36;1;187;4;89;177;733;99;527;391;118;41;1.073;838;185;257;389;193;202;88;1;224
02. Arganzuela;2013;Junio;10.789;81;2;453;11;139;947;1.251;321;963;791;202;82;1.826;1.406;253;390;451;367;308;131;4;410;5.087;46;1;260;7;55;773;546;224;435;424;97;39;794;610;68;114;88;170;100;44;2;190;5.702;35;1;193;4;84;174;705;97;528;367;105;43;1.032;796;185;276;363;197;208;87;2;220
02. Arganzuela;2013;Julio;10.984;77;3;450;10;131;906;1.266;297;953;819;206;84;1.879;1.398;279;604;398;380;305;139;4;396;5.099;47;2;264;5;52;731;559;203;436;442;93;40;798;604;73;169;82;174;96;43;2;184;5.885;30;1;186;5;79;175;707;94;517;377;113;44;1.081;794;206;435;316;206;209;96;2;212
02. Arganzuela;2013;Agosto;11.080;72;3;441;9;134;897;1.241;302;972;827;217;80;1.883;1.415;292;662;422;389;317;130;5;370;5.084;43;2;253;5;53;723;548;202;442;440;101;36;798;611;76;180;91;178;98;35;2;167;5.996;29;1;188;4;81;174;693;100;530;387;116;44;1.085;804;216;482;331;211;219;95;3;203
02. Arganzuela;2013;Septiembre;10.928;77;3;437;9;133;892;1.271;307;961;807;212;73;1.843;1.390;279;528;442;383;318;148;7;408;5.071;48;2;252;6;60;721;563;200;434;433;98;36;771;617;76;147;94;164;101;51;3;194;5.857;29;1;185;3;73;171;708;107;527;374;114;37;1.072;773;203;381;348;219;217;97;4;214
02. Arganzuela;2013;Octubre;10.834;71;3;453;7;133;889;1.257;326;977;785;213;72;1.839;1.396;266;410;475;369;308;154;9;422;5.076;45;2;270;5;59;723;562;213;444;426;100;34;761;621;72;125;98;162;97;59;4;194;5.758;26;1;183;2;74;166;695;113;533;359;113;38;1.078;775;194;285;377;207;211;95;5;228
02. Arganzuela;2013;Noviembre;10.676;79;3;458;6;129;867;1.237;323;975;767;211;72;1.838;1.372;258;381;445;380;287;157;11;420;4.992;52;2;278;4;55;707;549;209;445;418;100;34;752;613;69;109;84;169;91;59;5;188;5.684;27;1;180;2;74;160;688;114;530;349;111;38;1.086;759;189;272;361;211;196;98;6;232
02. Arganzuela;2013;Diciembre;10.440;74;3;458;6;132;877;1.223;312;885;758;214;69;1.827;1.345;256;396;422;347;277;150;7;402;4.948;50;2;285;4;55;723;549;200;401;417;103;34;749;605;68;115;99;159;90;53;2;185;5.492;24;1;173;2;77;154;674;112;484;341;111;35;1.078;740;188;281;323;188;187;97;5;217
03. Retiro;2013;Enero;6.672;40;4;265;9;60;463;783;176;368;512;166;80;1.431;846;217;290;299;195;177;62;4;225;3.087;22;3;141;2;22;347;353;114;167;289;73;27;657;392;57;91;60;82;67;32;3;86;3.585;18;1;124;7;38;116;430;62;201;223;93;53;774;454;160;199;239;113;110;30;1;139
03. Retiro;2013;Febrero;6.751;42;3;269;7;56;465;819;176;392;497;170;73;1.466;875;208;271;293;201;181;62;4;221;3.121;22;3;145;2;19;338;365;113;190;276;76;22;663;406;55;85;57;86;75;33;4;86;3.630;20;0;124;5;37;127;454;63;202;221;94;51;803;469;153;186;236;115;106;29;0;135
03. Retiro;2013;Marzo;6.782;43;3;274;7;57;480;829;168;388;517;173;71;1.480;864;201;271;283;202;172;64;4;231;3.158;24;3;149;1;19;352;375;110;180;286;78;21;678;406;51;83;54;89;72;30;4;93;3.624;19;0;125;6;38;128;454;58;208;231;95;50;802;458;150;188;229;113;100;34;0;138
03. Retiro;2013;Abril;6.619;39;3;250;5;57;464;814;167;379;528;156;70;1.430;861;189;253;276;181;184;71;4;238;3.068;23;3;131;0;18;342;375;105;171;284;68;23;652;412;42;78;57;74;73;35;4;98;3.551;16;0;119;5;39;122;439;62;208;244;88;47;778;449;147;175;219;107;111;36;0;140
03. Retiro;2013;Mayo;6.532;38;3;245;6;58;448;799;173;362;519;156;69;1.423;844;181;248;291;193;177;69;2;228;2.999;21;3;134;1;20;333;362;107;159;278;63;24;635;403;43;75;59;80;69;33;2;95;3.533;17;0;111;5;38;115;437;66;203;241;93;45;788;441;138;173;232;113;108;36;0;133
03. Retiro;2013;Junio;6.332;36;2;251;5;47;424;787;178;360;535;154;66;1.359;781;178;263;256;189;167;69;4;221;2.879;20;2;134;0;14;316;352;112;145;283;65;21;612;361;41;82;57;75;59;29;4;95;3.453;16;0;117;5;33;108;435;66;215;252;89;45;747;420;137;181;199;114;108;40;0;126
03. Retiro;2013;Julio;6.464;30;2;249;6;49;431;774;176;352;533;153;74;1.412;796;187;383;215;209;179;56;5;193;2.909;18;2;134;1;13;316;336;112;151;284;65;24;626;374;39;106;48;87;66;23;5;79;3.555;12;0;115;5;36;115;438;64;201;249;88;50;786;422;148;277;167;122;113;33;0;114
03. Retiro;2013;Agosto;6.501;31;1;239;5;49;432;778;183;361;536;162;74;1.373;810;182;417;223;209;171;63;5;197;2.934;20;1;132;2;14;322;335;117;163;290;67;26;614;376;36;116;50;84;58;25;5;81;3.567;11;0;107;3;35;110;443;66;198;246;95;48;759;434;146;301;173;125;113;38;0;116
03. Retiro;2013;Septiembre;6.495;30;1;251;5;51;435;780;181;346;541;149;73;1.370;789;176;356;253;206;183;91;5;223;2.939;17;1;138;1;17;323;336;112;157;299;58;30;610;368;35;98;56;77;69;48;4;85;3.556;13;0;113;4;34;112;444;69;189;242;91;43;760;421;141;258;197;129;114;43;1;138
03. Retiro;2013;Octubre;6.509;28;1;258;6;52;434;799;185;375;528;153;75;1.383;795;163;297;270;186;179;103;3;236;2.956;17;1;139;2;17;328;352;111;181;279;66;28;600;383;36;83;57;68;64;55;1;88;3.553;11;0;119;4;35;106;447;74;194;249;87;47;783;412;127;214;213;118;115;48;2;148
03. Retiro;2013;Noviembre;6.507;30;1;258;6;53;446;786;181;390;521;159;68;1.392;790;165;287;257;201;175;105;5;231;2.994;18;1;135;2;19;339;346;107;191;286;70;28;612;382;37;83;52;78;64;53;2;89;3.513;12;0;123;4;34;107;440;74;199;235;89;40;780;408;128;204;205;123;111;52;3;142
03. Retiro;2013;Diciembre;6.306;31;2;248;6;49;432;776;172;380;530;158;69;1.347;745;173;286;234;194;171;96;3;204;2.919;20;1;131;2;17;326;352;104;199;286;72;29;583;358;42;86;48;78;59;47;3;76;3.387;11;1;117;4;32;106;424;68;181;244;86;40;764;387;131;200;186;116;112;49;0;128
04. Salamanca;2013;Enero;7.853;28;6;254;9;70;529;900;215;565;572;170;106;2.067;940;179;301;279;155;216;82;5;205;3.531;16;5;139;7;28;394;336;133;282;290;70;51;910;390;45;100;58;74;77;47;2;77;4.322;12;1;115;2;42;135;564;82;283;282;100;55;1.157;550;134;201;221;81;139;35;3;128
04. Salamanca;2013;Febrero;7.945;31;7;268;9;71;512;912;217;583;576;161;110;2.073;944;186;298;303;175;224;86;3;196;3.567;16;5;141;7;31;374;342;130;295;285;71;51;912;399;50;103;73;85;74;46;2;75;4.378;15;2;127;2;40;138;570;87;288;291;90;59;1.161;545;136;195;230;90;150;40;1;121
04. Salamanca;2013;Marzo;7.966;35;5;272;7;72;510;934;216;588;591;164;109;2.056;969;171;288;291;176;208;92;3;209;3.563;21;4;146;6;31;372;338;132;294;292;72;54;909;397;43;102;68;85;74;46;2;75;4.403;14;1;126;1;41;138;596;84;294;299;92;55;1.147;572;128;186;223;91;134;46;1;134
04. Salamanca;2013;Abril;7.916;32;5;272;8;72;504;912;227;584;577;161;107;2.033;970;185;294;290;182;203;97;3;198;3.572;20;4;145;6;31;365;334;145;293;278;70;51;913;414;52;104;67;90;72;47;2;69;4.344;12;1;127;2;41;139;578;82;291;299;91;56;1.120;556;133;190;223;92;131;50;1;129
04. Salamanca;2013;Mayo;7.787;32;6;270;8;67;480;918;231;536;567;164;100;2.011;937;172;298;306;187;203;105;3;186;3.483;21;4;145;7;28;351;340;142;271;277;70;48;893;398;47;102;69;84;74;47;2;63;4.304;11;2;125;1;39;129;578;89;265;290;94;52;1.118;539;125;196;237;103;129;58;1;123
04. Salamanca;2013;Junio;7.553;30;9;263;8;66;476;894;234;528;546;156;94;1.956;910;166;292;274;177;195;104;2;173;3.354;20;6;140;6;28;349;338;139;256;261;62;47;863;387;45;97;63;78;62;44;1;62;4.199;10;3;123;2;38;127;556;95;272;285;94;47;1.093;523;121;195;211;99;133;60;1;111
04. Salamanca;2013;Julio;7.703;30;9;256;6;61;467;879;223;520;567;148;99;1.986;912;171;444;256;181;197;107;5;179;3.383;19;6;139;4;26;340;333;134;250;279;64;49;871;380;43;137;64;76;57;47;3;62;4.320;11;3;117;2;35;127;546;89;270;288;84;50;1.115;532;128;307;192;105;140;60;2;117
04. Salamanca;2013;Agosto;7.667;29;8;265;6;60;454;878;223;526;550;161;90;1.971;898;167;457;247;188;208;107;3;171;3.365;19;6;144;5;25;326;334;132;249;269;69;46;859;379;48;135;61;79;64;46;3;67;4.302;10;2;121;1;35;128;544;91;277;281;92;44;1.112;519;119;322;186;109;144;61;0;104
04. Salamanca;2013;Septiembre;7.583;26;7;276;5;58;440;856;237;556;540;150;89;1.912;899;171;374;270;173;215;128;3;198;3.338;17;6;151;4;24;311;328;143;264;269;64;47;830;377;45;120;68;66;65;60;3;76;4.245;9;1;125;1;34;129;528;94;292;271;86;42;1.082;522;126;254;202;107;150;68;0;122
04. Salamanca;2013;Octubre;7.576;27;6;277;5;62;448;862;235;549;532;154;82;1.928;928;169;303;271;174;217;141;4;202;3.369;17;4;154;4;28;318;340;145;269;270;65;43;842;389;48;84;59;75;69;63;3;80;4.207;10;2;123;1;34;130;522;90;280;262;89;39;1.086;539;121;219;212;99;148;78;1;122
04. Salamanca;2013;Noviembre;7.512;26;6;275;4;59;454;858;233;557;524;160;80;1.916;901;166;285;263;168;233;142;9;193;3.320;17;4;149;4;26;327;336;143;279;262;65;40;828;367;48;75;60;76;69;63;4;78;4.192;9;2;126;0;33;127;522;90;278;262;95;40;1.088;534;118;210;203;92;164;79;5;115
04. Salamanca;2013;Diciembre;7.327;29;6;276;5;59;437;844;223;543;541;152;77;1.883;849;158;284;244;170;229;134;9;175;3.236;20;4;155;4;25;319;331;132;268;263;63;36;835;342;45;75;50;73;67;58;4;67;4.091;9;2;121;1;34;118;513;91;275;278;89;41;1.048;507;113;209;194;97;162;76;5;108
05. Chamartín;2013;Enero;7.207;36;4;279;9;79;478;768;191;480;516;120;84;2.158;889;130;226;238;147;177;83;5;110;3.334;25;1;149;6;32;354;312;131;253;276;52;36;935;398;35;66;51;80;59;42;1;40;3.873;11;3;130;3;47;124;456;60;227;240;68;48;1.223;491;95;160;187;67;118;41;4;70
05. Chamartín;2013;Febrero;7.226;39;3;270;8;77;461;802;191;460;498;114;86;2.192;896;125;223;236;153;184;89;4;115;3.311;26;1;149;4;33;341;335;133;250;258;49;36;947;383;32;62;44;85;59;42;1;41;3.915;13;2;121;4;44;120;467;58;210;240;65;50;1.245;513;93;161;192;68;125;47;3;74
05. Chamartín;2013;Marzo;7.253;35;2;268;10;76;464;795;181;457;522;116;90;2.172;899;128;235;238;153;194;92;5;121;3.292;23;0;147;6;30;347;331;128;251;266;51;35;914;389;33;67;45;88;58;41;0;42;3.961;12;2;121;4;46;117;464;53;206;256;65;55;1.258;510;95;168;193;65;136;51;5;79
05. Chamartín;2013;Abril;7.308;33;5;273;11;78;454;796;187;472;543;122;88;2.164;889;140;250;232;141;185;105;7;133;3.310;23;2;144;8;33;348;331;132;258;276;53;37;897;379;38;77;46;79;63;47;0;39;3.998;10;3;129;3;45;106;465;55;214;267;69;51;1.267;510;102;173;186;62;122;58;7;94
05. Chamartín;2013;Mayo;7.212;32;3;275;9;77;445;790;200;463;536;140;89;2.145;865;133;231;252;130;174;103;5;115;3.302;22;1;147;5;30;337;338;135;243;278;59;39;902;389;34;67;55;73;56;52;0;40;3.910;10;2;128;4;47;108;452;65;220;258;81;50;1.243;476;99;164;197;57;118;51;5;75
05. Chamartín;2013;Junio;7.046;27;3;267;9;77;445;790;180;460;538;139;79;2.099;844;133;223;237;125;174;89;7;101;3.227;18;1;139;6;32;339;329;122;239;294;62;33;889;359;33;68;55;68;60;43;1;37;3.819;9;2;128;3;45;106;461;58;221;244;77;46;1.210;485;100;155;182;57;114;46;6;64
05. Chamartín;2013;Julio;7.103;26;3;264;11;76;430;784;175;447;552;137;81;2.083;864;133;310;215;138;175;78;8;113;3.176;17;1;140;8;31;324;328;116;224;279;61;35;868;363;34;95;45;76;59;33;1;38;3.927;9;2;124;3;45;106;456;59;223;273;76;46;1.215;501;99;215;170;62;116;45;7;75
05. Chamartín;2013;Agosto;7.214;29;4;270;11;79;421;790;181;443;544;137;83;2.090;886;144;346;230;142;175;88;9;112;3.184;20;2;145;9;33;313;326;121;225;277;62;34;858;367;38;99;45;78;56;37;1;38;4.030;9;2;125;2;46;108;464;60;218;267;75;49;1.232;519;106;247;185;64;119;51;8;74
05. Chamartín;2013;Septiembre;7.068;27;5;270;10;76;431;798;184;415;521;146;85;2.068;850;136;272;227;133;171;109;10;124;3.164;18;2;145;8;31;319;338;121;211;268;73;36;857;357;36;75;49;67;58;49;0;46;3.904;9;3;125;2;45;112;460;63;204;253;73;49;1.211;493;100;197;178;66;113;60;10;78
05. Chamartín;2013;Octubre;7.041;27;6;265;10;73;427;809;194;429;512;153;82;2.056;841;136;241;237;129;167;116;9;122;3.181;18;4;141;8;27;312;345;129;216;269;78;35;861;355;37;76;45;66;57;57;1;44;3.860;9;2;124;2;46;115;464;65;213;243;75;47;1.195;486;99;165;192;63;110;59;8;78
05. Chamartín;2013;Noviembre;7.041;30;5;270;9;71;424;794;195;452;507;156;79;2.028;868;131;228;228;135;164;122;12;133;3.216;20;3;138;8;24;306;345;127;238;274;77;33;856;375;34;73;45;70;56;57;3;54;3.825;10;2;132;1;47;118;449;68;214;233;79;46;1.172;493;97;155;183;65;108;65;9;79
05. Chamartín;2013;Diciembre;6.831;31;3;263;10;68;421;747;200;430;513;151;80;1.986;832;132;223;214;136;150;107;9;125;3.131;22;1;139;8;24;302;305;133;232;271;72;37;848;367;38;71;45;69;52;45;2;48;3.700;9;2;124;2;44;119;442;67;198;242;79;43;1.138;465;94;152;169;67;98;62;7;77
06. Tetuán;2013;Enero;12.513;72;3;439;10;151;1.535;1.256;363;1.406;518;112;78;2.377;2.088;206;349;441;225;422;155;7;300;6.279;53;3;266;6;62;1.364;587;252;611;279;54;30;1.058;912;71;107;99;122;160;74;5;104;6.234;19;0;173;4;89;171;669;111;795;239;58;48;1.319;1.176;135;242;342;103;262;81;2;196
06. Tetuán;2013;Febrero;12.655;70;4;443;11;147;1.500;1.272;368;1.452;545;119;84;2.415;2.109;200;345;452;216;401;171;9;322;6.329;53;4;270;6;61;1.333;595;254;634;281;56;35;1.086;918;73;108;100;117;153;77;5;110;6.326;17;0;173;5;86;167;677;114;818;264;63;49;1.329;1.191;127;237;352;99;248;94;4;212
06. Tetuán;2013;Marzo;12.760;69;3;462;15;148;1.505;1.341;367;1.441;550;122;84;2.418;2.106;202;339;448;217;402;175;9;337;6.397;51;3;287;9;62;1.338;625;254;630;282;51;35;1.092;933;73;106;99;116;153;75;5;118;6.363;18;0;175;6;86;167;716;113;811;268;71;49;1.326;1.173;129;233;349;101;249;100;4;219
06. Tetuán;2013;Abril;12.693;64;4;459;18;139;1.497;1.334;369;1.428;543;130;78;2.407;2.086;201;354;436;223;405;186;4;328;6.334;47;4;281;10;59;1.326;621;255;615;283;56;34;1.073;915;76;111;98;117;153;77;4;119;6.359;17;0;178;8;80;171;713;114;813;260;74;44;1.334;1.171;125;243;338;106;252;109;0;209
06. Tetuán;2013;Mayo;12.485;56;4;457;16;141;1.481;1.288;372;1.408;532;132;80;2.367;2.028;198;332;433;214;420;206;5;315;6.203;39;4;280;8;61;1.305;601;261;601;283;56;34;1.053;873;75;105;95;107;162;76;4;120;6.282;17;0;177;8;80;176;687;111;807;249;76;46;1.314;1.155;123;227;338;107;258;130;1;195
06. Tetuán;2013;Junio;12.255;52;4;447;16;136;1.443;1.291;344;1.365;537;127;81;2.339;1.986;201;343;417;206;400;199;5;316;6.086;39;4;278;8;59;1.273;608;240;580;285;60;35;1.048;838;75;111;97;108;158;60;4;118;6.169;13;0;169;8;77;170;683;104;785;252;67;46;1.291;1.148;126;232;320;98;242;139;1;198
06. Tetuán;2013;Julio;12.189;51;4;447;17;138;1.381;1.268;346;1.386;558;131;84;2.273;1.994;193;455;359;206;399;194;5;300;6.006;36;4;278;8;56;1.211;598;233;598;307;57;38;1.011;850;68;144;82;106;154;55;4;108;6.183;15;0;169;9;82;170;670;113;788;251;74;46;1.262;1.144;125;311;277;100;245;139;1;192
06. Tetuán;2013;Agosto;12.281;48;4;448;17;132;1.356;1.256;348;1.426;579;140;85;2.257;1.997;198;493;377;198;409;207;6;300;6.022;37;4;276;8;53;1.185;585;235;614;316;61;35;999;865;69;153;85;104;168;64;5;101;6.259;11;0;172;9;79;171;671;113;812;263;79;50;1.258;1.132;129;340;292;94;241;143;1;199
06. Tetuán;2013;Septiembre;12.381;51;5;445;16;132;1.398;1.270;363;1.436;567;145;91;2.260;2.043;203;396;384;207;406;236;6;321;6.130;38;5;266;8;59;1.224;593;241;632;310;62;42;1.000;890;71;135;86;105;165;83;5;110;6.251;13;0;179;8;73;174;677;122;804;257;83;49;1.260;1.153;132;261;298;102;241;153;1;211
06. Tetuán;2013;Octubre;12.606;54;3;455;15;131;1.397;1.329;374;1.471;562;133;90;2.248;2.144;195;355;431;214;396;247;8;354;6.283;41;3;277;9;63;1.233;633;247;641;318;63;42;982;953;67;113;102;112;158;90;6;130;6.323;13;0;178;6;68;164;696;127;830;244;70;48;1.266;1.191;128;242;329;102;238;157;2;224
06. Tetuán;2013;Noviembre;12.524;69;4;449;17;133;1.381;1.334;379;1.474;559;135;93;2.207;2.144;187;325;436;205;373;264;8;348;6.294;53;3;277;10;66;1.219;637;251;659;321;61;43;969;949;62;108;112;107;155;91;6;135;6.230;16;1;172;7;67;162;697;128;815;238;74;50;1.238;1.195;125;217;324;98;218;173;2;213
06. Tetuán;2013;Diciembre;12.153;61;5;453;16;126;1.395;1.305;368;1.416;551;127;88;2.145;2.041;177;320;418;194;362;255;8;322;6.134;48;3;281;10;66;1.230;614;237;633;323;57;42;948;903;57;107;108;99;139;89;5;135;6.019;13;2;172;6;60;165;691;131;783;228;70;46;1.197;1.138;120;213;310;95;223;166;3;187
07. Chamberí;2013;Enero;8.026;38;17;397;6;69;516;860;163;626;583;143;92;2.077;942;200;329;303;195;201;85;9;175;3.694;27;4;233;2;28;413;359;95;300;303;64;38;893;428;53;109;67;86;70;45;6;71;4.332;11;13;164;4;41;103;501;68;326;280;79;54;1.184;514;147;220;236;109;131;40;3;104
07. Chamberí;2013;Febrero;8.069;37;17;375;5;76;535;872;153;656;595;133;98;2.083;958;201;318;289;199;203;87;10;169;3.750;28;4;222;2;33;420;362;94;306;315;61;46;909;438;58;111;62;84;76;42;7;70;4.319;9;13;153;3;43;115;510;59;350;280;72;52;1.174;520;143;207;227;115;127;45;3;99
07. Chamberí;2013;Marzo;8.076;38;17;359;5;74;536;872;145;668;591;137;98;2.107;964;191;323;284;182;204;91;9;181;3.750;27;4;203;2;30;426;356;88;317;322;64;46;916;455;54;110;59;76;73;44;5;73;4.326;11;13;156;3;44;110;516;57;351;269;73;52;1.191;509;137;213;225;106;131;47;4;108
07. Chamberí;2013;Abril;7.932;34;17;330;6;72;511;857;152;654;606;129;96;2.105;942;188;309;268;182;198;104;7;165;3.641;22;4;181;3;30;403;355;89;301;330;60;45;920;431;49;103;55;80;69;43;3;65;4.291;12;13;149;3;42;108;502;63;353;276;69;51;1.185;511;139;206;213;102;129;61;4;100
07. Chamberí;2013;Mayo;7.911;33;18;334;5;73;509;843;151;630;602;130;90;2.099;920;190;313;325;183;189;108;6;160;3.617;22;6;188;2;29;406;351;90;291;322;55;43;914;408;50;104;69;82;70;45;3;67;4.294;11;12;146;3;44;103;492;61;339;280;75;47;1.185;512;140;209;256;101;119;63;3;93
07. Chamberí;2013;Junio;7.698;30;17;324;4;72;492;820;150;598;588;132;85;2.041;924;185;327;298;168;178;109;6;150;3.519;21;5;184;1;29;393;344;89;272;322;57;41;877;409;52;102;64;82;66;44;2;63;4.179;9;12;140;3;43;99;476;61;326;266;75;44;1.164;515;133;225;234;86;112;65;4;87
07. Chamberí;2013;Julio;7.760;32;20;313;4;71;479;782;162;595;598;139;81;2.048;919;198;449;240;174;179;100;9;168;3.526;24;7;177;1;27;377;327;97;271;323;57;43;890;407;58;131;46;82;60;41;3;77;4.234;8;13;136;3;44;102;455;65;324;275;82;38;1.158;512;140;318;194;92;119;59;6;91
07. Chamberí;2013;Agosto;7.736;30;19;315;4;70;458;778;168;603;611;143;78;2.024;892;199;482;240;178;184;102;11;147;3.520;22;6;174;1;29;351;323;100;286;338;61;41;896;393;52;136;43;86;65;42;4;71;4.216;8;13;141;3;41;107;455;68;317;273;82;37;1.128;499;147;346;197;92;119;60;7;76
07. Chamberí;2013;Septiembre;7.630;29;20;314;4;66;464;779;174;593;598;151;79;1.967;881;187;404;240;177;196;137;9;161;3.509;22;8;170;1;26;356;330;108;276;328;68;40;873;385;53;116;48;86;77;61;4;73;4.121;7;12;144;3;40;108;449;66;317;270;83;39;1.094;496;134;288;192;91;119;76;5;88
07. Chamberí;2013;Octubre;7.628;34;27;309;5;69;435;794;167;621;600;148;74;1.951;901;184;329;270;178;199;158;5;170;3.521;25;12;171;2;26;338;333;99;296;327;63;41;867;403;54;103;53;82;76;69;2;79;4.107;9;15;138;3;43;97;461;68;325;273;85;33;1.084;498;130;226;217;96;123;89;3;91
07. Chamberí;2013;Noviembre;7.577;34;31;322;4;66;421;780;170;607;589;157;71;1.946;893;182;308;271;179;195;163;5;183;3.458;27;16;169;1;25;326;320;100;282;319;69;40;853;393;57;102;57;80;68;71;2;81;4.119;7;15;153;3;41;95;460;70;325;270;88;31;1.093;500;125;206;214;99;127;92;3;102
07. Chamberí;2013;Diciembre;7.416;35;37;319;4;65;434;756;154;599;568;160;71;1.898;899;180;312;251;155;198;154;4;163;3.412;27;19;173;1;28;332;317;88;285;319;69;41;826;406;62;98;51;68;66;69;2;65;4.004;8;18;146;3;37;102;439;66;314;249;91;30;1.072;493;118;214;200;87;132;85;2;98
08. Fuencarral-El Pardo;2013;Enero;14.111;70;6;663;5;154;1.328;1.680;419;915;779;223;138;3.331;1.953;217;465;591;238;408;178;10;340;6.650;44;5;401;3;64;1.095;703;275;419;383;101;45;1.531;821;53;114;107;130;132;109;4;111;7.461;26;1;262;2;90;233;977;144;496;396;122;93;1.800;1.132;164;351;484;108;276;69;6;229
08. Fuencarral-El Pardo;2013;Febrero;14.151;74;6;663;6;143;1.318;1.735;415;905;795;228;142;3.310;1.984;214;456;561;242;395;191;11;357;6.725;46;5;402;3;58;1.087;737;282;417;402;102;46;1.529;851;51;121;99;129;126;113;5;114;7.426;28;1;261;3;85;231;998;133;488;393;126;96;1.781;1.133;163;335;462;113;269;78;6;243
08. Fuencarral-El Pardo;2013;Marzo;14.215;74;6;665;6;140;1.343;1.720;392;940;822;221;138;3.340;1.984;213;453;557;252;389;182;10;368;6.751;49;6;402;3;56;1.111;726;272;436;410;95;48;1.534;848;48;122;101;132;120;106;5;121;7.464;25;0;263;3;84;232;994;120;504;412;126;90;1.806;1.136;165;331;456;120;269;76;5;247
08. Fuencarral-El Pardo;2013;Abril;14.192;68;6;675;5;137;1.318;1.733;389;932;846;207;144;3.376;1.944;214;445;564;244;367;191;12;375;6.731;46;6;405;2;54;1.086;732;267;444;421;96;48;1.536;832;53;117;106;125;114;106;5;130;7.461;22;0;270;3;83;232;1.001;122;488;425;111;96;1.840;1.112;161;328;458;119;253;85;7;245
08. Fuencarral-El Pardo;2013;Mayo;14.029;63;8;654;4;142;1.300;1.719;382;883;843;214;142;3.348;1.940;219;435;572;235;369;188;12;357;6.644;39;8;394;3;59;1.071;730;263;410;414;98;50;1.520;834;55;117;106;127;119;102;5;120;7.385;24;0;260;1;83;229;989;119;473;429;116;92;1.828;1.106;164;318;466;108;250;86;7;237
08. Fuencarral-El Pardo;2013;Junio;13.696;57;8;633;3;141;1.260;1.682;375;897;814;217;139;3.263;1.887;210;464;550;227;354;176;12;327;6.408;33;8;382;1;58;1.028;712;254;402;406;95;47;1.493;783;56;125;98;117;114;91;5;100;7.288;24;0;251;2;83;232;970;121;495;408;122;92;1.770;1.104;154;339;452;110;240;85;7;227
08. Fuencarral-El Pardo;2013;Julio;13.986;49;9;631;6;141;1.250;1.673;366;912;867;217;143;3.360;1.858;238;662;514;225;354;166;9;336;6.453;29;9;378;3;56;1.023;696;242;398;437;90;50;1.547;772;65;160;93;105;109;81;4;106;7.533;20;0;253;3;85;227;977;124;514;430;127;93;1.813;1.086;173;502;421;120;245;85;5;230
08. Fuencarral-El Pardo;2013;Agosto;14.016;51;9;634;4;136;1.234;1.660;351;879;875;221;141;3.351;1.891;253;720;500;242;361;170;9;324;6.400;29;9;383;2;53;1.008;694;232;386;435;85;46;1.516;772;66;168;94;119;108;81;4;110;7.616;22;0;251;2;83;226;966;119;493;440;136;95;1.835;1.119;187;552;406;123;253;89;5;214
08. Fuencarral-El Pardo;2013;Septiembre;13.697;50;8;600;5;138;1.209;1.619;363;844;831;215;137;3.263;1.915;249;562;514;230;359;219;11;356;6.304;27;8;362;3;56;983;682;237;387;408;81;45;1.474;800;66;133;90;111;108;115;5;123;7.393;23;0;238;2;82;226;937;126;457;423;134;92;1.789;1.115;183;429;424;119;251;104;6;233
08. Fuencarral-El Pardo;2013;Octubre;13.825;52;7;595;7;134;1.235;1.658;358;885;817;218;138;3.309;1.951;231;475;558;217;357;240;10;373;6.387;30;7;355;4;53;998;694;227;406;397;81;49;1.508;832;59;119;103;99;110;127;4;125;7.438;22;0;240;3;81;237;964;131;479;420;137;89;1.801;1.119;172;356;455;118;247;113;6;248
08. Fuencarral-El Pardo;2013;Noviembre;13.757;58;7;597;7;126;1.235;1.681;374;908;812;221;137;3.268;1.942;229;453;523;222;337;235;9;376;6.412;35;7;351;3;53;1.002;710;236;412;394;91;50;1.473;851;63;113;98;108;112;124;4;122;7.345;23;0;246;4;73;233;971;138;496;418;130;87;1.795;1.091;166;340;425;114;225;111;5;254
08. Fuencarral-El Pardo;2013;Diciembre;13.366;60;7;576;8;123;1.229;1.616;370;847;801;236;143;3.131;1.907;225;442;496;224;330;223;9;363;6.270;36;7;341;4;48;1.002;675;238;384;395;104;53;1.406;839;63;111;100;116;100;122;5;121;7.096;24;0;235;4;75;227;941;132;463;406;132;90;1.725;1.068;162;331;396;108;230;101;4;242
09. Moncloa-Aravaca;2013;Enero;6.440;34;10;327;3;80;486;687;186;462;416;102;62;1.587;839;144;232;263;115;191;67;5;142;3.083;21;3;179;1;37;383;284;124;242;234;45;24;717;380;44;72;67;63;60;37;2;64;3.357;13;7;148;2;43;103;403;62;220;182;57;38;870;459;100;160;196;52;131;30;3;78
09. Moncloa-Aravaca;2013;Febrero;6.470;36;11;321;4;76;478;708;183;485;398;102;60;1.609;846;137;227;255;115;187;71;6;155;3.080;21;5;176;1;36;381;295;129;246;226;44;19;720;376;44;69;65;62;57;39;2;67;3.390;15;6;145;3;40;97;413;54;239;172;58;41;889;470;93;158;190;53;130;32;4;88
09. Moncloa-Aravaca;2013;Marzo;6.505;32;11;314;4;75;470;707;186;481;402;99;61;1.651;869;137;215;251;125;182;71;5;157;3.128;20;4;173;2;37;378;302;132;238;222;40;20;748;401;43;62;65;70;59;38;2;72;3.377;12;7;141;2;38;92;405;54;243;180;59;41;903;468;94;153;186;55;123;33;3;85
09. Moncloa-Aravaca;2013;Abril;6.474;32;10;312;4;73;465;709;180;486;392;108;61;1.659;859;132;205;246;117;193;72;4;155;3.105;19;5;171;1;34;374;299;129;245;212;40;20;741;406;41;65;65;69;63;35;2;69;3.369;13;5;141;3;39;91;410;51;241;180;68;41;918;453;91;140;181;48;130;37;2;86
09. Moncloa-Aravaca;2013;Mayo;6.319;33;9;298;4;73;457;703;175;476;380;110;60;1.630;818;122;197;259;112;187;72;6;138;3.012;20;4;166;1;35;362;291;118;239;208;45;19;729;379;43;63;65;61;66;33;2;63;3.307;13;5;132;3;38;95;412;57;237;172;65;41;901;439;79;134;194;51;121;39;4;75
09. Moncloa-Aravaca;2013;Junio;6.120;33;8;293;4;64;448;660;166;426;386;114;59;1.588;790;125;210;250;101;178;79;7;131;2.907;20;3;165;1;28;358;281;115;209;212;50;17;715;360;45;63;61;57;56;36;3;52;3.213;13;5;128;3;36;90;379;51;217;174;64;42;873;430;80;147;189;44;122;43;4;79
09. Moncloa-Aravaca;2013;Julio;6.154;33;9;296;5;63;436;662;169;432;388;125;53;1.560;768;131;301;223;119;181;61;10;129;2.872;19;4;168;1;30;341;268;115;205;221;63;13;687;345;46;85;54;64;58;27;5;53;3.282;14;5;128;4;33;95;394;54;227;167;62;40;873;423;85;216;169;55;123;34;5;76
09. Moncloa-Aravaca;2013;Agosto;6.263;31;9;291;5;65;434;671;169;452;388;122;52;1.624;758;137;336;214;134;177;57;8;129;2.907;20;3;170;1;32;343;278;114;214;212;58;15;725;333;46;99;48;66;55;22;4;49;3.356;11;6;121;4;33;91;393;55;238;176;64;37;899;425;91;237;166;68;122;35;4;80
09. Moncloa-Aravaca;2013;Septiembre;6.270;39;9;291;4;62;430;672;169;434;391;120;52;1.615;794;140;278;239;124;178;77;9;143;2.929;25;3;166;0;31;344;281;113;210;213;57;16;713;353;49;90;56;60;54;36;5;54;3.341;14;6;125;4;31;86;391;56;224;178;63;36;902;441;91;188;183;64;124;41;4;89
09. Moncloa-Aravaca;2013;Octubre;6.274;35;20;284;5;63;416;673;168;453;386;130;52;1.616;801;129;236;251;126;176;93;8;153;2.976;24;10;163;1;31;332;280;113;233;225;58;19;722;359;47;73;54;68;54;48;6;56;3.298;11;10;121;4;32;84;393;55;220;161;72;33;894;442;82;163;197;58;122;45;2;97
09. Moncloa-Aravaca;2013;Noviembre;6.150;39;27;274;5;59;411;650;159;459;391;120;51;1.567;760;134;222;247;126;193;92;9;155;2.929;26;13;157;1;30;326;273;109;232;236;53;23;699;346;46;69;54;68;56;46;5;61;3.221;13;14;117;4;29;85;377;50;227;155;67;28;868;414;88;153;193;58;137;46;4;94
09. Moncloa-Aravaca;2013;Diciembre;6.040;32;30;274;5;63;408;635;163;450;390;125;49;1.531;736;126;237;233;133;182;85;8;145;2.868;21;12;154;1;33;327;258;113;223;228;57;21;692;335;46;76;52;68;54;37;4;56;3.172;11;18;120;4;30;81;377;50;227;162;68;28;839;401;80;161;181;65;128;48;4;89
10. Latina;2013;Enero;20.742;137;41;930;8;389;2.951;2.424;1.233;1.795;809;207;127;2.517;3.090;441;553;879;432;678;205;10;886;10.679;98;13;561;7;195;2.682;1.054;794;772;430;99;63;1.117;1.384;138;162;168;234;252;96;4;356;10.063;39;28;369;1;194;269;1.370;439;1.023;379;108;64;1.400;1.706;303;391;711;198;426;109;6;530
10. Latina;2013;Febrero;20.950;142;42;952;7;388;2.913;2.437;1.260;1.877;826;204;128;2.514;3.137;436;527;890;425;696;235;12;902;10.753;102;12;585;6;189;2.640;1.078;811;815;448;99;58;1.102;1.408;135;157;169;224;265;102;4;344;10.197;40;30;367;1;199;273;1.359;449;1.062;378;105;70;1.412;1.729;301;370;721;201;431;133;8;558
10. Latina;2013;Marzo;21.084;139;44;997;8;384;2.948;2.481;1.278;1.910;841;195;132;2.489;3.140;442;519;853;434;678;253;10;909;10.886;95;13;615;7;191;2.675;1.115;822;823;482;92;61;1.089;1.413;138;148;162;233;251;103;2;356;10.198;44;31;382;1;193;273;1.366;456;1.087;359;103;71;1.400;1.727;304;371;691;201;427;150;8;553
10. Latina;2013;Abril;20.918;132;43;981;8;381;2.877;2.487;1.309;1.897;856;182;129;2.501;3.094;442;515;827;418;668;267;10;894;10.751;90;11;613;7;186;2.610;1.113;834;802;478;81;59;1.099;1.407;139;141;165;221;248;104;2;341;10.167;42;32;368;1;195;267;1.374;475;1.095;378;101;70;1.402;1.687;303;374;662;197;420;163;8;553
10. Latina;2013;Mayo;20.558;129;38;959;7;379;2.785;2.439;1.293;1.814;860;182;132;2.509;3.010;423;508;797;412;683;293;10;896;10.563;88;9;595;6;185;2.517;1.086;817;783;478;81;63;1.122;1.378;130;146;146;219;260;105;2;347;9.995;41;29;364;1;194;268;1.353;476;1.031;382;101;69;1.387;1.632;293;362;651;193;423;188;8;549
10. Latina;2013;Junio;20.050;135;39;945;8;376;2.682;2.387;1.292;1.789;867;177;130;2.429;2.895;419;533;747;383;659;295;11;852;10.189;94;10;582;7;184;2.431;1.056;807;736;481;79;62;1.078;1.294;125;146;138;200;252;103;1;323;9.861;41;29;363;1;192;251;1.331;485;1.053;386;98;68;1.351;1.601;294;387;609;183;407;192;10;529
10. Latina;2013;Julio;20.222;130;39;932;9;360;2.606;2.363;1.253;1.808;896;194;126;2.452;2.876;446;805;673;414;664;303;9;864;10.140;90;11;573;7;173;2.348;1.050;773;748;501;86;59;1.075;1.272;132;225;135;202;264;92;2;322;10.082;40;28;359;2;187;258;1.313;480;1.060;395;108;67;1.377;1.604;314;580;538;212;400;211;7;542
10. Latina;2013;Agosto;20.345;116;37;936;9;373;2.604;2.407;1.241;1.836;892;190;124;2.460;2.852;448;870;699;416;654;298;11;872;10.193;78;11;577;6;186;2.341;1.059;768;769;497;81;58;1.062;1.278;133;241;141;214;261;89;3;340;10.152;38;26;359;3;187;263;1.348;473;1.067;395;109;66;1.398;1.574;315;629;558;202;393;209;8;532
10. Latina;2013;Septiembre;20.326;117;37;923;10;380;2.600;2.445;1.233;1.812;861;192;131;2.395;2.924;441;704;736;441;648;348;10;938;10.269;80;11;569;7;186;2.353;1.077;757;765;478;79;63;1.046;1.309;133;218;150;228;265;116;2;377;10.057;37;26;354;3;194;247;1.368;476;1.047;383;113;68;1.349;1.615;308;486;586;213;383;232;8;561
10. Latina;2013;Octubre;20.376;139;38;936;9;368;2.574;2.509;1.276;1.812;840;186;130;2.394;2.976;429;550;823;434;657;345;10;941;10.352;92;13;578;6;184;2.334;1.122;795;787;481;75;63;1.041;1.341;134;158;174;225;253;123;2;371;10.024;47;25;358;3;184;240;1.387;481;1.025;359;111;67;1.353;1.635;295;392;649;209;404;222;8;570
10. Latina;2013;Noviembre;20.250;158;39;958;7;349;2.563;2.441;1.293;1.844;828;192;133;2.366;2.944;444;525;795;427;627;362;11;944;10.291;107;13;590;6;176;2.313;1.083;815;787;461;79;65;1.032;1.343;140;150;168;219;235;127;3;379;9.959;51;26;368;1;173;250;1.358;478;1.057;367;113;68;1.334;1.601;304;375;627;208;392;235;8;565
10. Latina;2013;Diciembre;19.631;145;40;943;6;336;2.599;2.334;1.260;1.797;809;183;131;2.281;2.851;442;527;719;396;603;353;11;865;10.117;97;14;592;5;169;2.350;1.053;800;778;449;78;64;1.024;1.306;143;146;160;198;236;115;2;338;9.514;48;26;351;1;167;249;1.281;460;1.019;360;105;67;1.257;1.545;299;381;559;198;367;238;9;527
11. Carabanchel;2013;Enero;23.759;175;103;1.241;9;428;3.752;2.845;2.641;2.076;752;153;125;1.914;3.437;388;489;1.014;381;631;249;8;948;12.297;135;34;733;6;205;3.423;1.252;1.577;861;385;60;57;756;1.511;122;139;172;207;228;99;3;332;11.462;40;69;508;3;223;329;1.593;1.064;1.215;367;93;68;1.158;1.926;266;350;842;174;403;150;5;616
11. Carabanchel;2013;Febrero;24.275;184;98;1.259;10;422;3.764;2.918;2.726;2.146;754;157;124;1.963;3.519;386;483;1.019;404;642;280;8;1.009;12.555;141;30;740;7;199;3.420;1.282;1.633;886;401;62;58;787;1.546;122;136;183;234;229;105;3;351;11.720;43;68;519;3;223;344;1.636;1.093;1.260;353;95;66;1.176;1.973;264;347;836;170;413;175;5;658
11. Carabanchel;2013;Marzo;24.216;184;100;1.236;11;423;3.772;2.924;2.755;2.112;764;159;127;1.971;3.477;386;478;983;386;650;286;9;1.023;12.542;139;30;726;7;202;3.441;1.293;1.639;874;400;63;61;786;1.527;118;140;170;219;234;103;4;366;11.674;45;70;510;4;221;331;1.631;1.116;1.238;364;96;66;1.185;1.950;268;338;813;167;416;183;5;657
11. Carabanchel;2013;Abril;24.169;173;100;1.236;11;432;3.735;2.907;2.751;2.133;742;163;127;2.002;3.415;374;471;999;375;672;315;9;1.027;12.461;129;29;714;7;210;3.403;1.299;1.636;876;388;64;61;808;1.468;108;150;179;213;231;112;4;372;11.708;44;71;522;4;222;332;1.608;1.115;1.257;354;99;66;1.194;1.947;266;321;820;162;441;203;5;655
11. Carabanchel;2013;Mayo;23.725;164;103;1.205;10;422;3.612;2.844;2.703;2.076;754;162;127;1.965;3.322;381;459;991;381;654;358;8;1.024;12.198;123;31;702;6;209;3.289;1.279;1.601;849;398;56;62;797;1.430;105;140;183;213;219;116;3;387;11.527;41;72;503;4;213;323;1.565;1.102;1.227;356;106;65;1.168;1.892;276;319;808;168;435;242;5;637
11. Carabanchel;2013;Junio;23.173;154;100;1.183;10;415;3.500;2.780;2.671;2.038;742;153;119;1.922;3.254;378;482;930;355;627;345;7;1.008;11.856;112;31;685;5;202;3.169;1.238;1.582;824;400;56;59;792;1.405;105;140;171;192;205;105;3;375;11.317;42;69;498;5;213;331;1.542;1.089;1.214;342;97;60;1.130;1.849;273;342;759;163;422;240;4;633
11. Carabanchel;2013;Julio;22.992;155;101;1.178;10;398;3.369;2.721;2.673;2.016;754;159;123;1.899;3.175;383;689;825;380;618;346;9;1.011;11.662;115;33;687;5;193;3.040;1.219;1.563;830;407;58;60;776;1.357;108;178;152;201;196;97;4;383;11.330;40;68;491;5;205;329;1.502;1.110;1.186;347;101;63;1.123;1.818;275;511;673;179;422;249;5;628
11. Carabanchel;2013;Agosto;22.969;155;96;1.180;9;429;3.280;2.721;2.623;2.047;744;165;123;1.928;3.146;397;758;834;378;620;329;8;999;11.654;117;31;682;5;221;2.956;1.227;1.539;871;395;62;64;799;1.352;113;206;153;192;202;86;4;377;11.315;38;65;498;4;208;324;1.494;1.084;1.176;349;103;59;1.129;1.794;284;552;681;186;418;243;4;622
11. Carabanchel;2013;Septiembre;23.140;148;94;1.181;9;421;3.276;2.779;2.645;2.035;720;166;129;1.960;3.266;383;638;877;385;625;373;8;1.022;11.724;110;28;697;5;219;2.966;1.245;1.544;845;377;66;65;799;1.416;111;182;160;190;203;110;3;383;11.416;38;66;484;4;202;310;1.534;1.101;1.190;343;100;64;1.161;1.850;272;456;717;195;422;263;5;639
11. Carabanchel;2013;Octubre;23.609;190;95;1.171;11;413;3.379;2.841;2.659;2.116;745;175;130;1.956;3.400;394;515;956;384;612;417;10;1.040;12.090;146;28;691;4;215;3.074;1.263;1.562;894;392;76;63;800;1.509;114;146;170;208;209;129;4;393;11.519;44;67;480;7;198;305;1.578;1.097;1.222;353;99;67;1.156;1.891;280;369;786;176;403;288;6;647
11. Carabanchel;2013;Noviembre;23.557;191;92;1.153;10;396;3.425;2.772;2.668;2.149;726;180;125;1.935;3.386;391;511;957;370;612;429;16;1.063;12.045;144;28;676;4;206;3.118;1.229;1.555;902;373;78;60;797;1.509;111;144;169;194;220;130;7;391;11.512;47;64;477;6;190;307;1.543;1.113;1.247;353;102;65;1.138;1.877;280;367;788;176;392;299;9;672
11. Carabanchel;2013;Diciembre;22.873;179;92;1.120;9;373;3.463;2.625;2.573;2.055;724;165;118;1.875;3.294;377;503;906;367;595;414;19;1.027;11.784;131;29;660;3;201;3.159;1.166;1.491;868;381;67;60;790;1.460;109;144;159;191;215;123;8;369;11.089;48;63;460;6;172;304;1.459;1.082;1.187;343;98;58;1.085;1.834;268;359;747;176;380;291;11;658
12. Usera;2013;Enero;13.859;82;5;768;5;348;2.298;1.650;559;1.369;372;85;77;1.155;2.285;239;261;596;214;354;159;2;976;7.161;56;4;463;4;159;2.141;766;400;553;195;24;32;448;990;86;78;116;110;104;66;1;365;6.698;26;1;305;1;189;157;884;159;816;177;61;45;707;1.295;153;183;480;104;250;93;1;611
12. Usera;2013;Febrero;14.011;81;6;772;4;337;2.284;1.680;564;1.384;380;91;78;1.197;2.290;240;247;588;205;367;168;2;1.046;7.197;52;4;458;3;151;2.123;783;401;555;203;24;31;473;984;90;76;113;105;110;68;1;389;6.814;29;2;314;1;186;161;897;163;829;177;67;47;724;1.306;150;171;475;100;257;100;1;657
12. Usera;2013;Marzo;14.126;91;5;782;5;345;2.322;1.702;562;1.374;384;88;78;1.210;2.280;246;245;588;204;380;170;2;1.063;7.272;59;4;464;4;160;2.154;807;402;549;206;24;30;472;981;92;71;114;102;118;66;1;392;6.854;32;1;318;1;185;168;895;160;825;178;64;48;738;1.299;154;174;474;102;262;104;1;671
12. Usera;2013;Abril;14.084;93;7;789;5;337;2.280;1.723;545;1.353;388;76;74;1.231;2.287;242;243;587;201;359;183;3;1.078;7.221;59;4;466;4;154;2.110;821;392;542;208;25;30;477;968;89;72;106;112;118;65;2;397;6.863;34;3;323;1;183;170;902;153;811;180;51;44;754;1.319;153;171;481;89;241;118;1;681
12. Usera;2013;Mayo;13.777;97;7;785;5;335;2.161;1.679;535;1.326;393;73;74;1.246;2.216;247;246;554;201;351;199;3;1.044;7.029;65;4;466;4;150;1.991;791;385;538;211;26;28;485;947;92;73;101;109;108;72;2;381;6.748;32;3;319;1;185;170;888;150;788;182;47;46;761;1.269;155;173;453;92;243;127;1;663
12. Usera;2013;Junio;13.593;98;7;775;5;317;2.121;1.672;512;1.319;406;73;74;1.261;2.143;244;271;525;190;342;208;3;1.027;6.859;67;5;448;4;136;1.954;779;370;515;213;27;29;499;918;85;73;89;99;104;67;2;376;6.734;31;2;327;1;181;167;893;142;804;193;46;45;762;1.225;159;198;436;91;238;141;1;651
12. Usera;2013;Julio;13.321;95;7;751;5;305;2.018;1.631;491;1.312;414;77;75;1.216;2.083;249;380;464;193;338;196;2;1.019;6.677;68;5;432;4;129;1.861;757;361;524;214;24;30;480;888;90;93;78;96;103;65;1;374;6.644;27;2;319;1;176;157;874;130;788;200;53;45;736;1.195;159;287;386;97;235;131;1;645
12. Usera;2013;Agosto;13.297;92;8;748;4;317;1.998;1.623;503;1.308;400;78;73;1.225;2.056;270;416;453;186;343;207;2;987;6.698;67;5;432;3;136;1.833;755;377;521;211;27;33;491;892;100;106;84;92;108;63;1;361;6.599;25;3;316;1;181;165;868;126;787;189;51;40;734;1.164;170;310;369;94;235;144;1;626
12. Usera;2013;Septiembre;13.526;103;8;760;3;318;2.026;1.677;502;1.291;387;77;71;1.231;2.135;267;316;485;197;335;236;3;1.098;6.779;73;5;442;2;140;1.867;775;364;501;197;29;32;487;920;98;83;87;97;106;78;1;395;6.747;30;3;318;1;178;159;902;138;790;190;48;39;744;1.215;169;233;398;100;229;158;2;703
12. Usera;2013;Octubre;13.737;116;8;747;3;325;2.041;1.687;530;1.291;394;78;70;1.234;2.243;257;243;535;214;341;238;4;1.138;6.882;85;5;439;2;146;1.880;763;385;494;195;30;32;488;960;92;69;101;106;106;85;1;418;6.855;31;3;308;1;179;161;924;145;797;199;48;38;746;1.283;165;174;434;108;235;153;3;720
12. Usera;2013;Noviembre;13.772;114;8;733;3;316;2.076;1.661;536;1.308;392;81;73;1.250;2.247;244;225;534;207;342;260;5;1.157;6.905;81;5;434;2;136;1.919;753;388;515;202;30;34;484;951;85;61;105;106;111;86;1;416;6.867;33;3;299;1;180;157;908;148;793;190;51;39;766;1.296;159;164;429;101;231;174;4;741
12. Usera;2013;Diciembre;13.231;112;8;723;2;299;2.062;1.587;513;1.253;371;77;71;1.207;2.162;244;232;508;194;325;252;4;1.025;6.686;78;5;436;2;136;1.911;732;369;478;186;28;34;469;921;88;61;97;101;106;79;1;368;6.545;34;3;287;0;163;151;855;144;775;185;49;37;738;1.241;156;171;411;93;219;173;3;657
13. Puente de Vallecas;2013;Enero;26.084;196;34;1.148;13;746;4.575;3.081;1.002;2.205;625;130;114;4.007;4.176;484;469;941;353;710;248;7;820;13.922;146;17;762;12;334;4.223;1.428;779;898;332;42;49;1.801;1.774;204;136;168;192;233;111;2;279;12.162;50;17;386;1;412;352;1.653;223;1.307;293;88;65;2.206;2.402;280;333;773;161;477;137;5;541
13. Puente de Vallecas;2013;Febrero;26.638;202;34;1.171;13;745;4.636;3.159;1.042;2.287;646;130;123;4.090;4.230;493;463;950;368;713;274;5;864;14.258;147;16;771;12;338;4.271;1.472;810;937;339;43;54;1.853;1.819;218;134;168;205;236;113;2;300;12.380;55;18;400;1;407;365;1.687;232;1.350;307;87;69;2.237;2.411;275;329;782;163;477;161;3;564
13. Puente de Vallecas;2013;Marzo;26.510;195;34;1.176;16;726;4.610;3.203;1.032;2.267;673;132;122;4.050;4.167;484;438;936;361;728;298;3;859;14.223;141;16;778;15;330;4.244;1.502;801;946;350;47;58;1.829;1.783;211;131;175;200;246;117;1;302;12.287;54;18;398;1;396;366;1.701;231;1.321;323;85;64;2.221;2.384;273;307;761;161;482;181;2;557
13. Puente de Vallecas;2013;Abril;26.573;180;35;1.162;16;722;4.556;3.233;1.068;2.275;681;131;127;4.079;4.179;478;427;953;338;718;303;4;908;14.230;130;17;770;16;331;4.196;1.512;831;940;367;39;59;1.838;1.791;209;135;183;191;240;117;2;316;12.343;50;18;392;0;391;360;1.721;237;1.335;314;92;68;2.241;2.388;269;292;770;147;478;186;2;592
13. Puente de Vallecas;2013;Mayo;26.061;158;34;1.133;16;705;4.410;3.164;1.038;2.244;671;128;123;4.078;4.093;450;419;920;325;730;329;4;889;13.915;114;16;745;15;324;4.059;1.464;809;925;369;41;52;1.848;1.759;194;132;179;174;247;121;2;326;12.146;44;18;388;1;381;351;1.700;229;1.319;302;87;71;2.230;2.334;256;287;741;151;483;208;2;563
13. Puente de Vallecas;2013;Junio;25.826;165;35;1.124;13;699;4.300;3.115;1.007;2.237;659;126;124;4.060;4.064;455;463;890;303;720;343;6;918;13.681;119;17;736;12;319;3.949;1.475;776;885;365;40;49;1.822;1.733;200;155;173;154;243;121;4;334;12.145;46;18;388;1;380;351;1.640;231;1.352;294;86;75;2.238;2.331;255;308;717;149;477;222;2;584
13. Puente de Vallecas;2013;Julio;25.400;161;33;1.112;15;667;4.148;3.064;979;2.259;681;121;119;4.007;3.918;464;603;803;323;700;333;5;885;13.312;114;16;729;13;288;3.789;1.444;761;897;382;42;48;1.773;1.657;198;172;161;169;221;111;3;324;12.088;47;17;383;2;379;359;1.620;218;1.362;299;79;71;2.234;2.261;266;431;642;154;479;222;2;561
13. Puente de Vallecas;2013;Agosto;25.399;153;30;1.130;15;654;4.089;3.048;964;2.278;670;123;123;4.021;3.886;500;650;808;331;708;337;6;875;13.279;107;14;747;13;288;3.738;1.436;754;928;371;42;47;1.789;1.645;205;178;161;168;216;122;3;307;12.120;46;16;383;2;366;351;1.612;210;1.350;299;81;76;2.232;2.241;295;472;647;163;492;215;3;568
13. Puente de Vallecas;2013;Septiembre;25.860;163;33;1.119;18;670;4.148;3.138;979;2.253;657;129;118;4.044;3.997;493;560;875;334;738;396;8;990;13.589;116;18;734;17;311;3.805;1.470;765;901;368;45;48;1.826;1.700;203;160;182;164;237;143;3;373;12.271;47;15;385;1;359;343;1.668;214;1.352;289;84;70;2.218;2.297;290;400;693;170;501;253;5;617
13. Puente de Vallecas;2013;Octubre;26.242;174;34;1.133;16;667;4.205;3.197;999;2.263;628;126;110;4.028;4.189;481;474;997;336;746;408;7;1.024;13.808;125;18;740;15;321;3.866;1.516;777;933;342;46;45;1.805;1.790;192;143;197;165;235;149;3;385;12.434;49;16;393;1;346;339;1.681;222;1.330;286;80;65;2.223;2.399;289;331;800;171;511;259;4;639
13. Puente de Vallecas;2013;Noviembre;26.117;190;33;1.140;18;663;4.131;3.142;978;2.261;644;132;114;4.014;4.188;467;458;968;346;752;413;12;1.053;13.779;138;17;755;16;316;3.803;1.512;761;949;350;47;47;1.809;1.792;180;136;196;173;236;148;3;395;12.338;52;16;385;2;347;328;1.630;217;1.312;294;85;67;2.205;2.396;287;322;772;173;516;265;9;658
13. Puente de Vallecas;2013;Diciembre;25.288;178;30;1.139;16;608;4.172;3.004;929;2.183;632;126;119;3.882;4.004;469;444;929;338;722;391;9;964;13.451;128;15;768;14;293;3.837;1.456;730;912;355;41;49;1.746;1.711;182;136;182;173;224;144;2;353;11.837;50;15;371;2;315;335;1.548;199;1.271;277;85;70;2.136;2.293;287;308;747;165;498;247;7;611
14. Moratalaz;2013;Enero;7.573;92;7;308;2;141;827;893;253;521;315;87;67;1.486;1.083;207;216;306;134;216;72;4;336;3.759;61;4;198;2;60;720;425;189;244;154;40;20;680;447;75;64;53;62;79;45;1;136;3.814;31;3;110;0;81;107;468;64;277;161;47;47;806;636;132;152;253;72;137;27;3;200
14. Moratalaz;2013;Febrero;7.662;92;9;314;3;136;812;921;266;569;315;81;69;1.467;1.127;205;202;309;148;209;73;5;330;3.778;58;5;198;2;58;699;431;197;264;152;36;22;672;472;75;54;59;71;73;44;1;135;3.884;34;4;116;1;78;113;490;69;305;163;45;47;795;655;130;148;250;77;136;29;4;195
14. Moratalaz;2013;Marzo;7.691;99;9;310;3;149;824;926;277;555;325;81;70;1.470;1.122;194;198;289;148;227;76;5;334;3.814;62;5;196;2;65;715;427;205;248;165;38;21;673;488;73;54;52;68;83;41;1;132;3.877;37;4;114;1;84;109;499;72;307;160;43;49;797;634;121;144;237;80;144;35;4;202
14. Moratalaz;2013;Abril;7.706;105;9;310;3;147;788;915;279;554;328;90;70;1.474;1.133;191;213;288;153;234;80;4;338;3.798;64;5;201;2;64;682;427;210;250;162;41;19;676;481;75;59;55;70;83;39;1;132;3.908;41;4;109;1;83;106;488;69;304;166;49;51;798;652;116;154;233;83;151;41;3;206
14. Moratalaz;2013;Mayo;7.614;112;9;300;2;150;788;906;277;516;325;90;72;1.497;1.110;183;206;289;142;221;87;3;329;3.749;68;5;194;1;68;676;423;205;228;162;42;21;692;477;69;54;51;63;81;39;0;130;3.865;44;4;106;1;82;112;483;72;288;163;48;51;805;633;114;152;238;79;140;48;3;199
14. Moratalaz;2013;Junio;7.408;109;8;286;2;139;759;881;281;517;327;89;70;1.450;1.079;172;217;279;124;209;79;4;327;3.632;69;5;181;1;62;648;408;210;228;164;44;24;672;453;63;53;53;57;71;37;1;128;3.776;40;3;105;1;77;111;473;71;289;163;45;46;778;626;109;164;226;67;138;42;3;199
14. Moratalaz;2013;Julio;7.446;106;7;282;5;134;750;887;274;533;342;91;67;1.449;1.088;172;282;232;122;209;86;2;326;3.613;63;4;173;1;58;644;421;201;224;174;46;20;659;468;56;64;42;57;73;32;0;133;3.833;43;3;109;4;76;106;466;73;309;168;45;47;790;620;116;218;190;65;136;54;2;193
14. Moratalaz;2013;Agosto;7.472;106;7;283;4;134;725;890;274;527;348;94;67;1.435;1.087;172;312;237;131;218;89;3;329;3.588;60;4;178;1;60;617;414;206;222;172;48;20;644;470;58;72;41;62;73;29;1;136;3.884;46;3;105;3;74;108;476;68;305;176;46;47;791;617;114;240;196;69;145;60;2;193
14. Moratalaz;2013;Septiembre;7.543;116;6;290;5;127;744;901;266;511;333;96;66;1.428;1.117;184;249;270;135;218;100;2;379;3.677;68;4;182;1;55;641;421;204;218;168;48;17;641;499;64;58;54;56;74;39;1;164;3.866;48;2;108;4;72;103;480;62;293;165;48;49;787;618;120;191;216;79;144;61;1;215
14. Moratalaz;2013;Octubre;7.630;119;6;288;5;127;747;899;263;522;334;96;69;1.442;1.139;179;202;311;139;221;128;4;390;3.731;74;4;177;2;56;642;425;198;221;168;46;18;640;518;68;50;62;65;80;52;1;164;3.899;45;2;111;3;71;105;474;65;301;166;50;51;802;621;111;152;249;74;141;76;3;226
14. Moratalaz;2013;Noviembre;7.597;123;6;272;6;131;752;890;263;524;327;94;73;1.432;1.141;180;195;296;149;211;130;4;398;3.743;72;4;168;2;60;653;425;202;237;159;45;22;641;516;63;46;57;68;78;55;1;169;3.854;51;2;104;4;71;99;465;61;287;168;49;51;791;625;117;149;239;81;133;75;3;229
14. Moratalaz;2013;Diciembre;7.386;135;6;275;6;118;750;826;262;517;333;91;71;1.405;1.087;178;190;280;132;214;139;3;368;3.627;81;4;175;2;53;648;394;201;241;160;45;21;614;482;63;45;55;63;71;54;1;154;3.759;54;2;100;4;65;102;432;61;276;173;46;50;791;605;115;145;225;69;143;85;2;214
15. Ciudad Lineal;2013;Enero;16.258;102;8;744;10;220;2.117;1.877;662;1.420;753;186;104;2.801;2.577;293;431;602;294;410;167;6;474;8.163;65;4;461;6;98;1.746;876;500;582;403;73;53;1.292;1.144;80;132;109;136;142;83;1;177;8.095;37;4;283;4;122;371;1.001;162;838;350;113;51;1.509;1.433;213;299;493;158;268;84;5;297
15. Ciudad Lineal;2013;Febrero;16.554;105;9;737;8;219;2.175;1.949;690;1.470;762;180;107;2.789;2.605;308;431;604;293;422;181;7;503;8.356;65;5;450;5;99;1.799;927;514;612;408;73;54;1.279;1.162;86;127;107;143;156;84;2;199;8.198;40;4;287;3;120;376;1.022;176;858;354;107;53;1.510;1.443;222;304;497;150;266;97;5;304
15. Ciudad Lineal;2013;Marzo;16.626;104;10;738;10;218;2.177;1.960;686;1.478;802;173;111;2.780;2.608;307;429;604;299;414;189;7;522;8.366;67;6;450;6;96;1.789;924;518;625;430;65;54;1.273;1.153;85;130;109;145;146;82;2;211;8.260;37;4;288;4;122;388;1.036;168;853;372;108;57;1.507;1.455;222;299;495;154;268;107;5;311
15. Ciudad Lineal;2013;Abril;16.520;96;9;753;9;213;2.135;1.938;655;1.435;815;189;118;2.759;2.567;300;444;620;284;415;218;6;542;8.226;61;4;454;5;94;1.755;899;491;602;434;76;59;1.239;1.112;83;140;114;144;152;91;2;215;8.294;35;5;299;4;119;380;1.039;164;833;381;113;59;1.520;1.455;217;304;506;140;263;127;4;327
15. Ciudad Lineal;2013;Mayo;16.221;91;10;749;11;213;2.092;1.911;671;1.370;832;196;112;2.735;2.501;286;433;606;272;392;209;7;522;8.089;59;5;449;5;92;1.712;883;494;576;455;77;57;1.235;1.080;82;142;118;131;146;86;3;202;8.132;32;5;300;6;121;380;1.028;177;794;377;119;55;1.500;1.421;204;291;488;141;246;123;4;320
15. Ciudad Lineal;2013;Junio;15.891;86;9;738;9;207;2.024;1.861;658;1.310;850;197;113;2.719;2.418;289;440;587;261;378;225;6;506;7.918;56;4;448;5;89;1.644;858;484;537;457;81;57;1.227;1.076;82;148;114;129;140;86;2;194;7.973;30;5;290;4;118;380;1.003;174;773;393;116;56;1.492;1.342;207;292;473;132;238;139;4;312
15. Ciudad Lineal;2013;Julio;15.943;85;11;753;11;192;1.966;1.874;610;1.373;844;186;116;2.678;2.383;314;628;524;275;381;222;5;512;7.801;54;6;447;6;81;1.584;877;441;549;459;74;60;1.190;1.044;88;176;93;141;141;86;1;203;8.142;31;5;306;5;111;382;997;169;824;385;112;56;1.488;1.339;226;452;431;134;240;136;4;309
15. Ciudad Lineal;2013;Agosto;15.911;83;10;734;11;193;1.887;1.874;614;1.390;836;175;120;2.710;2.373;321;663;525;287;382;220;5;498;7.761;53;5;435;6;83;1.521;872;454;560;446;67;58;1.217;1.035;93;181;101;144;144;76;1;209;8.150;30;5;299;5;110;366;1.002;160;830;390;108;62;1.493;1.338;228;482;424;143;238;144;4;289
15. Ciudad Lineal;2013;Septiembre;16.021;81;8;743;14;192;1.938;1.902;621;1.372;827;181;120;2.692;2.402;318;557;533;295;406;274;5;540;7.915;53;4;443;8;87;1.574;872;462;568;444;73;58;1.230;1.063;94;157;102;141;158;105;2;217;8.106;28;4;300;6;105;364;1.030;159;804;383;108;62;1.462;1.339;224;400;431;154;248;169;3;323
15. Ciudad Lineal;2013;Octubre;16.244;89;10;750;11;201;1.961;1.895;651;1.432;808;184;128;2.745;2.426;326;451;596;291;401;305;7;576;8.041;56;6;449;7;93;1.586;850;481;601;438;73;60;1.262;1.072;101;144;114;140;156;113;3;236;8.203;33;4;301;4;108;375;1.045;170;831;370;111;68;1.483;1.354;225;307;482;151;245;192;4;340
15. Ciudad Lineal;2013;Noviembre;16.177;97;12;734;13;196;1.955;1.886;637;1.462;800;185;127;2.695;2.414;323;439;579;284;404;315;8;612;8.000;66;7;440;8;88;1.575;844;465;625;432;76;58;1.223;1.071;97;138;112;136;163;118;4;254;8.177;31;5;294;5;108;380;1.042;172;837;368;109;69;1.472;1.343;226;301;467;148;241;197;4;358
15. Ciudad Lineal;2013;Diciembre;15.732;91;10;726;10;183;1.948;1.849;601;1.383;780;180;128;2.651;2.342;305;442;568;268;381;306;10;570;7.856;62;6;437;5;85;1.589;857;446;593;427;73;60;1.204;1.041;97;142;108;128;147;113;7;229;7.876;29;4;289;5;98;359;992;155;790;353;107;68;1.447;1.301;208;300;460;140;234;193;3;341
16. Hortaleza;2013;Enero;11.179;42;4;445;7;168;1.038;1.308;400;719;567;144;96;3.104;1.512;204;310;365;172;287;83;5;199;5.339;26;2;269;6;74;854;558;257;343;284;60;33;1.393;662;56;91;77;90;83;55;3;63;5.840;16;2;176;1;94;184;750;143;376;283;84;63;1.711;850;148;219;288;82;204;28;2;136
16. Hortaleza;2013;Febrero;11.474;42;5;455;6;173;1.074;1.362;423;750;575;143;91;3.175;1.539;207;302;379;185;286;94;6;202;5.510;25;3;279;5;77;893;574;289;347;293;57;32;1.421;671;56;88;90;100;84;59;3;64;5.964;17;2;176;1;96;181;788;134;403;282;86;59;1.754;868;151;214;289;85;202;35;3;138
16. Hortaleza;2013;Marzo;11.478;43;6;454;7;172;1.076;1.368;410;766;574;145;95;3.149;1.563;205;293;358;190;299;94;5;206;5.512;26;3;269;6;74;892;578;279;360;297;59;35;1.415;671;54;89;87;101;91;55;3;68;5.966;17;3;185;1;98;184;790;131;406;277;86;60;1.734;892;151;204;271;89;208;39;2;138
16. Hortaleza;2013;Abril;11.515;41;4;465;8;171;1.083;1.364;423;749;617;154;99;3.139;1.533;202;285;370;190;309;104;5;200;5.558;23;3;280;7;72;896;578;291;348;325;61;37;1.409;668;54;90;86;102;97;59;3;69;5.957;18;1;185;1;99;187;786;132;401;292;93;62;1.730;865;148;195;284;88;212;45;2;131
16. Hortaleza;2013;Mayo;11.381;36;5;452;11;167;1.061;1.321;417;751;624;151;104;3.112;1.519;192;290;359;183;311;114;5;196;5.450;22;3;269;9;72;875;549;287;345;333;57;38;1.395;652;50;93;83;95;95;59;3;66;5.931;14;2;183;2;95;186;772;130;406;291;94;66;1.717;867;142;197;276;88;216;55;2;130
16. Hortaleza;2013;Junio;11.132;35;5;465;9;164;1.037;1.293;416;753;640;148;101;3.055;1.430;186;304;328;165;286;109;5;198;5.251;23;3;277;8;69;847;541;283;338;331;52;39;1.333;600;51;86;79;82;91;56;2;60;5.881;12;2;188;1;95;190;752;133;415;309;96;62;1.722;830;135;218;249;83;195;53;3;138
16. Hortaleza;2013;Julio;11.186;36;7;462;9;152;976;1.306;407;757;654;158;101;3.048;1.460;199;436;274;164;281;101;7;191;5.204;24;5;273;8;61;793;553;277;338;345;59;36;1.324;608;47;117;70;73;84;46;3;60;5.982;12;2;189;1;91;183;753;130;419;309;99;65;1.724;852;152;319;204;91;197;55;4;131
16. Hortaleza;2013;Agosto;11.194;30;5;455;5;147;983;1.291;420;748;640;165;104;2.960;1.493;200;493;290;173;288;98;8;198;5.167;19;2;273;4;62;792;534;286;333;339;63;38;1.266;632;48;127;73;82;87;43;3;61;6.027;11;3;182;1;85;191;757;134;415;301;102;66;1.694;861;152;366;217;91;201;55;5;137
16. Hortaleza;2013;Septiembre;11.303;31;5;438;6;155;986;1.310;405;747;638;176;107;3.008;1.564;192;393;314;193;293;121;6;215;5.269;18;3;266;4;67;792;558;268;345;337;65;41;1.289;661;52;108;75;95;88;63;2;72;6.034;13;2;172;2;88;194;752;137;402;301;111;66;1.719;903;140;285;239;98;205;58;4;143
16. Hortaleza;2013;Octubre;11.439;38;4;447;7;158;1.018;1.335;431;748;633;172;104;3.040;1.572;205;336;329;197;292;138;7;228;5.352;25;2;268;5;69;824;560;282;355;326;62;40;1.336;643;59;90;76;98;84;66;2;80;6.087;13;2;179;2;89;194;775;149;393;307;110;64;1.704;929;146;246;253;99;208;72;5;148
16. Hortaleza;2013;Noviembre;11.310;38;4;451;8;152;1.006;1.319;427;734;629;175;99;3.018;1.536;203;344;312;184;289;142;7;233;5.295;25;2;270;6;66;811;551;283;339;323;65;37;1.305;633;58;99;82;96;92;67;2;83;6.015;13;2;181;2;86;195;768;144;395;306;110;62;1.713;903;145;245;230;88;197;75;5;150
16. Hortaleza;2013;Diciembre;10.953;38;4;452;6;144;1.010;1.250;408;717;584;173;93;2.934;1.472;199;342;312;180;274;127;7;227;5.184;25;3;280;5;62;825;532;273;331;297;65;36;1.262;620;64;91;81;92;92;64;2;82;5.769;13;1;172;1;82;185;718;135;386;287;108;57;1.672;852;135;251;231;88;182;63;5;145
17. Villaverde;2013;Enero;16.133;147;18;972;5;439;3.146;1.897;645;1.419;450;83;73;1.279;2.631;307;286;633;214;481;135;29;844;8.560;113;6;597;2;198;2.928;883;490;543;232;32;29;500;1.104;98;59;98;112;158;50;15;313;7.573;34;12;375;3;241;218;1.014;155;876;218;51;44;779;1.527;209;227;535;102;323;85;14;531
17. Villaverde;2013;Febrero;16.217;152;18;985;6;434;3.104;1.924;625;1.433;456;80;76;1.289;2.651;299;281;627;211;477;171;30;888;8.594;116;6;605;3;199;2.891;891;476;545;232;31;31;512;1.140;94;54;89;114;158;54;16;337;7.623;36;12;380;3;235;213;1.033;149;888;224;49;45;777;1.511;205;227;538;97;319;117;14;551
17. Villaverde;2013;Marzo;16.525;153;19;1.000;6;426;3.171;1.938;649;1.442;476;77;78;1.349;2.685;292;281;624;203;489;186;29;952;8.786;123;7;623;3;198;2.961;897;492;553;241;27;30;551;1.147;88;52;88;108;159;54;14;370;7.739;30;12;377;3;228;210;1.041;157;889;235;50;48;798;1.538;204;229;536;95;330;132;15;582
17. Villaverde;2013;Abril;16.447;141;18;967;6;419;3.125;1.953;651;1.426;478;78;77;1.359;2.654;285;275;627;202;491;206;28;981;8.729;113;6;598;3;192;2.918;900;494;554;236;28;30;567;1.140;87;55;93;105;161;56;14;379;7.718;28;12;369;3;227;207;1.053;157;872;242;50;47;792;1.514;198;220;534;97;330;150;14;602
17. Villaverde;2013;Mayo;16.183;134;16;911;4;411;3.051;1.923;652;1.411;489;80;73;1.345;2.649;273;271;609;198;473;213;29;968;8.538;106;4;560;2;189;2.846;886;496;541;238;32;28;558;1.124;85;55;99;98;148;59;13;371;7.645;28;12;351;2;222;205;1.037;156;870;251;48;45;787;1.525;188;216;510;100;325;154;16;597
17. Villaverde;2013;Junio;15.884;142;16;910;3;397;2.963;1.903;629;1.408;488;82;74;1.336;2.569;271;282;569;196;469;225;27;925;8.350;112;4;550;1;177;2.753;882;480;527;241;36;27;555;1.097;82;61;86;98;147;62;11;361;7.534;30;12;360;2;220;210;1.021;149;881;247;46;47;781;1.472;189;221;483;98;322;163;16;564
17. Villaverde;2013;Julio;15.669;150;17;882;4;386;2.903;1.865;610;1.411;492;85;75;1.332;2.485;272;383;482;186;466;217;26;940;8.142;116;5;524;2;168;2.689;868;471;535;246;35;30;537;1.028;78;85;64;89;146;55;11;360;7.527;34;12;358;2;218;214;997;139;876;246;50;45;795;1.457;194;298;418;97;320;162;15;580
17. Villaverde;2013;Agosto;15.626;154;17;880;3;390;2.822;1.880;620;1.445;497;92;79;1.293;2.474;305;416;473;187;463;206;26;904;8.091;122;5;517;1;172;2.612;878;479;554;239;40;33;510;1.041;94;84;63;90;147;52;12;346;7.535;32;12;363;2;218;210;1.002;141;891;258;52;46;783;1.433;211;332;410;97;316;154;14;558
17. Villaverde;2013;Septiembre;15.866;138;18;885;3;391;2.810;1.899;605;1.427;483;91;70;1.331;2.597;311;354;529;197;482;251;28;966;8.179;105;6;526;1;179;2.615;872;462;545;235;41;28;529;1.093;98;70;71;93;164;65;14;367;7.687;33;12;359;2;212;195;1.027;143;882;248;50;42;802;1.504;213;284;458;104;318;186;14;599
17. Villaverde;2013;Octubre;16.113;166;17;879;4;392;2.813;1.914;603;1.445;494;90;75;1.325;2.693;312;285;618;205;487;268;28;1.000;8.328;133;6;522;1;180;2.612;877;461;554;249;43;33;518;1.151;106;59;81;94;169;73;13;393;7.785;33;11;357;3;212;201;1.037;142;891;245;47;42;807;1.542;206;226;537;111;318;195;15;607
17. Villaverde;2013;Noviembre;16.110;169;19;873;5;389;2.797;1.898;595;1.469;475;91;70;1.378;2.680;309;275;596;212;481;284;26;1.019;8.343;128;7;518;2;178;2.600;866;455;583;241;42;29;543;1.153;104;56;87;100;163;70;10;408;7.767;41;12;355;3;211;197;1.032;140;886;234;49;41;835;1.527;205;219;509;112;318;214;16;611
17. Villaverde;2013;Diciembre;15.657;158;17;875;4;371;2.837;1.850;580;1.393;453;98;74;1.324;2.546;315;253;571;208;463;273;26;968;8.205;120;6;524;2;173;2.639;852;447;548;230;43;32;528;1.096;106;53;84;93;162;68;10;389;7.452;38;11;351;2;198;198;998;133;845;223;55;42;796;1.450;209;200;487;115;301;205;16;579
18. Villa de Vallecas;2013;Enero;10.019;78;5;472;0;270;1.393;1.232;377;626;329;87;51;2.023;1.351;184;219;430;131;249;63;5;444;4.858;55;2;274;0;112;1.257;524;254;228;149;28;20;869;547;55;62;94;72;62;22;3;169;5.161;23;3;198;0;158;136;708;123;398;180;59;31;1.154;804;129;157;336;59;187;41;2;275
18. Villa de Vallecas;2013;Febrero;10.145;78;6;469;0;270;1.395;1.265;392;645;343;88;57;2.045;1.376;172;214;431;126;249;69;4;451;4.898;55;2;270;0;108;1.256;548;264;237;159;28;24;870;550;50;58;94;67;65;22;2;169;5.247;23;4;199;0;162;139;717;128;408;184;60;33;1.175;826;122;156;337;59;184;47;2;282
18. Villa de Vallecas;2013;Marzo;10.060;79;8;451;0;259;1.366;1.250;388;659;333;91;56;2.049;1.365;177;211;412;131;244;72;5;454;4.856;55;4;260;0;99;1.236;536;264;249;160;26;24;880;544;51;56;87;70;62;23;3;167;5.204;24;4;191;0;160;130;714;124;410;173;65;32;1.169;821;126;155;325;61;182;49;2;287
18. Villa de Vallecas;2013;Abril;10.153;75;7;460;0;257;1.352;1.268;368;670;347;100;57;2.097;1.371;180;196;400;129;242;82;7;488;4.874;50;4;268;0;98;1.223;544;245;249;159;27;26;893;559;57;54;85;62;61;27;4;179;5.279;25;3;192;0;159;129;724;123;421;188;73;31;1.204;812;123;142;315;67;181;55;3;309
18. Villa de Vallecas;2013;Mayo;9.968;75;7;450;1;255;1.291;1.256;367;624;347;98;58;2.100;1.342;169;189;394;135;237;88;8;477;4.779;47;4;264;1;96;1.163;538;244;238;164;31;24;896;547;55;47;80;67;65;31;5;172;5.189;28;3;186;0;159;128;718;123;386;183;67;34;1.204;795;114;142;314;68;172;57;3;305
18. Villa de Vallecas;2013;Junio;9.869;70;7;450;1;250;1.283;1.233;362;615;346;94;53;2.047;1.315;177;215;386;134;249;91;6;485;4.679;42;4;262;1;94;1.151;518;243;226;175;35;21;863;518;61;55;74;62;65;30;4;175;5.190;28;3;188;0;156;132;715;119;389;171;59;32;1.184;797;116;160;312;72;184;61;2;310
18. Villa de Vallecas;2013;Julio;9.849;76;7;435;1;243;1.251;1.192;345;636;354;108;50;2.059;1.279;182;312;346;146;269;86;6;466;4.644;46;4;250;1;87;1.124;494;225;229;188;41;21;889;505;60;77;56;71;76;26;4;170;5.205;30;3;185;0;156;127;698;120;407;166;67;29;1.170;774;122;235;290;75;193;60;2;296
18. Villa de Vallecas;2013;Agosto;10.008;77;7;436;1;242;1.248;1.217;360;635;368;108;47;2.079;1.318;193;341;352;151;271;90;5;462;4.686;47;4;250;0;87;1.114;505;241;232;189;37;15;901;513;60;83;59;73;75;28;3;170;5.322;30;3;186;1;155;134;712;119;403;179;71;32;1.178;805;133;258;293;78;196;62;2;292
18. Villa de Vallecas;2013;Septiembre;9.984;71;7;430;0;248;1.242;1.232;337;653;358;97;48;2.055;1.342;196;261;398;145;266;99;5;494;4.715;46;4;247;0;93;1.097;527;224;256;179;37;17;874;538;61;65;72;72;81;34;5;186;5.269;25;3;183;0;155;145;705;113;397;179;60;31;1.181;804;135;196;326;73;185;65;0;308
18. Villa de Vallecas;2013;Octubre;10.029;69;7;437;0;247;1.250;1.223;365;656;349;99;47;2.013;1.388;187;219;432;149;268;104;5;515;4.756;45;4;250;0;92;1.105;518;243;279;181;41;16;847;550;60;47;74;79;82;40;4;199;5.273;24;3;187;0;155;145;705;122;377;168;58;31;1.166;838;127;172;358;70;186;64;1;316
18. Villa de Vallecas;2013;Noviembre;9.982;82;7;447;0;242;1.252;1.208;366;650;357;94;47;1.995;1.387;178;212;427;156;270;95;4;506;4.736;56;4;255;0;91;1.117;508;248;266;183;37;15;829;559;59;45;70;79;80;34;3;198;5.246;26;3;192;0;151;135;700;118;384;174;57;32;1.166;828;119;167;357;77;190;61;1;308
18. Villa de Vallecas;2013;Diciembre;9.635;82;7;421;0;231;1.255;1.152;357;643;336;81;52;1.939;1.322;171;228;381;137;259;95;5;481;4.619;58;4;244;0;86;1.126;500;247;272;164;38;18;812;520;55;51;65;71;68;36;3;181;5.016;24;3;177;0;145;129;652;110;371;172;43;34;1.127;802;116;177;316;66;191;59;2;300
19. Vicálvaro;2013;Enero;6.205;79;7;317;6;142;843;693;254;456;194;45;70;1.072;906;143;134;235;85;165;45;0;314;3.111;50;4;205;4;57;745;323;182;190;89;19;22;481;380;44;36;40;43;48;22;0;127;3.094;29;3;112;2;85;98;370;72;266;105;26;48;591;526;99;98;195;42;117;23;0;187
19. Vicálvaro;2013;Febrero;6.351;82;6;312;6;146;846;735;267;474;208;42;71;1.073;921;148;143;219;85;178;46;1;342;3.166;51;3;200;4;61;751;344;192;197;89;16;22;483;384;48;37;35;43;44;20;1;141;3.185;31;3;112;2;85;95;391;75;277;119;26;49;590;537;100;106;184;42;134;26;0;201
19. Vicálvaro;2013;Marzo;6.362;87;6;328;7;143;853;729;283;450;220;46;70;1.070;937;143;152;211;78;174;42;1;332;3.201;52;3;216;5;63;754;341;204;187;97;15;23;477;394;47;43;36;41;46;17;1;139;3.161;35;3;112;2;80;99;388;79;263;123;31;47;593;543;96;109;175;37;128;25;0;193
19. Vicálvaro;2013;Abril;6.328;101;8;305;6;140;841;736;272;448;223;48;64;1.063;944;140;139;206;76;178;45;3;342;3.155;61;5;196;5;63;735;345;195;182;92;15;22;478;398;46;39;37;36;50;15;1;139;3.173;40;3;109;1;77;106;391;77;266;131;33;42;585;546;94;100;169;40;128;30;2;203
19. Vicálvaro;2013;Mayo;6.258;96;9;296;6;132;836;740;270;438;221;42;60;1.052;947;135;137;193;74;173;47;3;351;3.122;60;6;189;5;58;732;346;193;168;94;13;20;478;407;44;34;33;33;48;14;1;146;3.136;36;3;107;1;74;104;394;77;270;127;29;40;574;540;91;103;160;41;125;33;2;205
19. Vicálvaro;2013;Junio;6.179;95;8;295;6;130;807;736;272;437;223;38;58;1.058;908;136;131;187;75;183;48;3;345;3.065;62;5;187;5;57;705;339;192;169;97;14;20;478;390;47;34;27;32;51;14;1;139;3.114;33;3;108;1;73;102;397;80;268;126;24;38;580;518;89;97;160;43;132;34;2;206
19. Vicálvaro;2013;Julio;6.194;102;7;286;7;127;774;716;264;457;225;41;58;1.063;882;156;207;167;83;188;49;2;333;2.998;64;4;179;5;51;676;330;178;168;100;15;20;473;369;48;54;23;36;48;17;1;139;3.196;38;3;107;2;76;98;386;86;289;125;26;38;590;513;108;153;144;47;140;32;1;194
19. Vicálvaro;2013;Agosto;6.184;96;7;297;6;124;761;704;255;470;240;44;58;1.064;876;160;235;155;80;192;48;2;310;2.987;57;4;184;4;53;669;330;169;165;106;19;22;478;372;50;54;22;34;53;19;1;122;3.197;39;3;113;2;71;92;374;86;305;134;25;36;586;504;110;181;133;46;139;29;1;188
19. Vicálvaro;2013;Septiembre;6.241;99;7;301;6;121;776;720;261;434;235;47;64;1.065;909;161;188;179;79;192;55;3;339;3.011;59;4;179;4;52;687;327;181;154;100;22;25;466;393;46;46;28;30;51;21;2;134;3.230;40;3;122;2;69;89;393;80;280;135;25;39;599;516;115;142;151;49;141;34;1;205
19. Vicálvaro;2013;Octubre;6.280;110;9;295;8;112;773;746;259;430;222;44;68;1.051;930;162;151;206;77;194;76;3;354;3.047;69;6;176;5;45;688;337;180;153;96;19;23;457;407;53;40;33;30;57;26;2;145;3.233;41;3;119;3;67;85;409;79;277;126;25;45;594;523;109;111;173;47;137;50;1;209
19. Vicálvaro;2013;Noviembre;6.271;115;8;291;7;111;757;728;256;435;220;41;70;1.050;947;157;142;212;75;197;79;3;370;3.048;75;6;174;5;46;667;336;177;159;93;18;24;463;409;53;38;36;31;59;24;2;153;3.223;40;2;117;2;65;90;392;79;276;127;23;46;587;538;104;104;176;44;138;55;1;217
19. Vicálvaro;2013;Diciembre;6.113;108;9;293;7;108;786;698;250;429;216;41;70;1.013;914;165;130;195;70;185;71;3;352;3.032;68;7;180;5;49;695;320;180;164;94;19;24;454;400;59;34;29;30;55;21;2;143;3.081;40;2;113;2;59;91;378;70;265;122;22;46;559;514;106;96;166;40;130;50;1;209
20. San Blas-Canillejas;2013;Enero;12.813;102;8;695;3;211;1.826;1.451;643;974;467;118;84;2.097;2.133;242;282;394;217;329;82;4;451;6.510;61;6;424;2;111;1.513;700;453;405;236;38;32;946;907;78;86;74;95;106;52;1;184;6.303;41;2;271;1;100;313;751;190;569;231;80;52;1.151;1.226;164;196;320;122;223;30;3;267
20. San Blas-Canillejas;2013;Febrero;12.994;100;7;696;4;212;1.848;1.512;664;996;473;115;87;2.098;2.164;233;283;403;204;328;91;4;472;6.619;62;5;422;3;111;1.528;708;478;431;237;38;33;943;928;73;83;78;94;108;55;1;200;6.375;38;2;274;1;101;320;804;186;565;236;77;54;1.155;1.236;160;200;325;110;220;36;3;272
20. San Blas-Canillejas;2013;Marzo;13.151;109;6;696;4;208;1.870;1.523;658;1.037;492;116;84;2.120;2.203;235;269;374;217;342;100;4;484;6.685;70;4;423;3;111;1.560;708;480;434;252;36;32;944;935;73;77;72;99;112;56;1;203;6.466;39;2;273;1;97;310;815;178;603;240;80;52;1.176;1.268;162;192;302;118;230;44;3;281
20. San Blas-Canillejas;2013;Abril;13.066;103;5;694;2;204;1.837;1.534;662;1.022;497;122;92;2.112;2.158;243;260;388;202;332;105;3;489;6.568;65;4;421;1;105;1.518;708;491;408;259;38;35;929;909;79;73;72;90;104;54;1;204;6.498;38;1;273;1;99;319;826;171;614;238;84;57;1.183;1.249;164;187;316;112;228;51;2;285
20. San Blas-Canillejas;2013;Mayo;12.976;103;5;675;2;201;1.805;1.509;654;1.027;525;122;87;2.138;2.116;239;261;381;194;331;111;1;489;6.506;67;4;403;1;103;1.485;706;478;415;271;37;34;939;898;80;69;70;87;111;54;0;194;6.470;36;1;272;1;98;320;803;176;612;254;85;53;1.199;1.218;159;192;311;107;220;57;1;295
20. San Blas-Canillejas;2013;Junio;12.573;94;6;665;2;193;1.732;1.442;642;986;494;112;85;2.099;2.063;236;283;360;183;317;115;1;463;6.294;56;5;400;1;102;1.420;671;468;393;262;36;33;924;883;75;76;64;79;110;51;0;185;6.279;38;1;265;1;91;312;771;174;593;232;76;52;1.175;1.180;161;207;296;104;207;64;1;278
20. San Blas-Canillejas;2013;Julio;12.603;93;6;677;2;185;1.712;1.457;624;986;498;116;82;2.123;2.019;246;402;313;185;323;101;1;452;6.251;55;5;410;1;97;1.395;694;455;389;265;35;33;916;857;79;99;59;76;109;41;0;181;6.352;38;1;267;1;88;317;763;169;597;233;81;49;1.207;1.162;167;303;254;109;214;60;1;271
20. San Blas-Canillejas;2013;Agosto;12.656;97;6;679;3;176;1.661;1.491;629;990;507;119;84;2.149;1.991;248;456;315;184;317;105;1;448;6.252;56;5;409;2;92;1.352;712;456;396;274;36;31;924;850;80;117;59;82;105;40;0;174;6.404;41;1;270;1;84;309;779;173;594;233;83;53;1.225;1.141;168;339;256;102;212;65;1;274
20. San Blas-Canillejas;2013;Septiembre;12.743;91;7;679;4;179;1.694;1.496;629;986;509;121;88;2.161;2.008;246;372;350;215;312;123;1;472;6.337;53;5;411;3;93;1.389;715;458;402;266;37;35;935;859;79;100;63;93;100;49;0;192;6.406;38;2;268;1;86;305;781;171;584;243;84;53;1.226;1.149;167;272;287;122;212;74;1;280
20. San Blas-Canillejas;2013;Octubre;12.924;96;7;674;5;180;1.721;1.522;643;1.025;513;119;87;2.132;2.100;251;292;415;221;310;125;1;485;6.399;59;5;411;4;94;1.416;721;468;404;267;36;35;912;880;81;84;75;101;94;54;0;198;6.525;37;2;263;1;86;305;801;175;621;246;83;52;1.220;1.220;170;208;340;120;216;71;1;287
20. San Blas-Canillejas;2013;Noviembre;12.803;99;7;679;4;181;1.720;1.486;623;1.025;498;119;90;2.117;2.067;251;290;404;218;315;134;2;474;6.338;60;5;407;3;97;1.414;691;448;412;263;35;37;910;872;86;81;76;100;98;55;1;187;6.465;39;2;272;1;84;306;795;175;613;235;84;53;1.207;1.195;165;209;328;118;217;79;1;287
20. San Blas-Canillejas;2013;Diciembre;12.481;93;6;677;4;175;1.737;1.434;606;980;492;112;81;2.070;2.022;230;283;392;208;308;133;2;436;6.247;56;5;409;3;95;1.432;684;448;400;252;35;31;896;860;79;81;72;93;98;49;0;169;6.234;37;1;268;1;80;305;750;158;580;240;77;50;1.174;1.162;151;202;320;115;210;84;2;267
21. Barajas;2013;Enero;2.801;20;0;128;0;33;371;277;191;189;131;28;21;669;392;38;88;82;43;57;12;1;30;1.306;13;0;75;0;11;252;111;107;74;52;15;8;307;175;12;25;20;25;10;7;0;7;1.495;7;0;53;0;22;119;166;84;115;79;13;13;362;217;26;63;62;18;47;5;1;23
21. Barajas;2013;Febrero;2.833;20;0;120;0;33;366;298;189;200;135;31;21;689;386;38;79;83;42;59;10;1;33;1.329;12;0;76;0;11;247;116;113;82;54;16;7;314;178;13;22;20;24;9;4;0;11;1.504;8;0;44;0;22;119;182;76;118;81;15;14;375;208;25;57;63;18;50;6;1;22
21. Barajas;2013;Marzo;2.838;21;0;109;0;29;374;293;176;203;142;36;21;716;378;33;81;77;40;62;12;1;34;1.332;13;0;67;0;11;251;115;104;83;61;18;7;326;173;10;23;21;23;9;6;0;11;1.506;8;0;42;0;18;123;178;72;120;81;18;14;390;205;23;58;56;17;53;6;1;23
21. Barajas;2013;Abril;2.790;21;0;117;0;28;364;289;168;201;135;35;22;714;376;35;76;76;38;54;14;1;26;1.313;13;0;66;0;11;242;112;102;88;58;16;9;325;172;13;23;17;23;7;7;0;9;1.477;8;0;51;0;17;122;177;66;113;77;19;13;389;204;22;53;59;15;47;7;1;17
21. Barajas;2013;Mayo;2.807;20;0;114;0;28;360;282;164;192;132;31;21;764;378;31;78;74;34;59;15;1;29;1.318;11;0;66;0;12;242;112;97;81;61;14;9;346;172;9;23;18;19;8;6;0;12;1.489;9;0;48;0;16;118;170;67;111;71;17;12;418;206;22;55;56;15;51;9;1;17
21. Barajas;2013;Junio;2.793;19;0;117;1;26;356;285;160;193;142;30;20;772;365;27;79;70;38;58;10;1;24;1.321;12;0;70;1;11;245;115;99;77;71;13;9;346;157;8;26;18;23;8;3;0;9;1.472;7;0;47;0;15;111;170;61;116;71;17;11;426;208;19;53;52;15;50;7;1;15
21. Barajas;2013;Julio;2.815;17;0;117;1;24;359;277;156;184;147;30;19;775;353;30;122;67;45;55;8;1;28;1.309;13;0;70;1;9;234;109;99;72;69;15;6;352;158;7;34;16;24;10;3;0;8;1.506;4;0;47;0;15;125;168;57;112;78;15;13;423;195;23;88;51;21;45;5;1;20
21. Barajas;2013;Agosto;2.846;15;0;113;1;25;356;282;157;187;147;29;18;800;345;35;133;64;44;53;11;1;30;1.312;12;0;66;1;10;232;107;99;73;68;17;8;360;147;8;39;15;26;10;5;0;9;1.534;3;0;47;0;15;124;175;58;114;79;12;10;440;198;27;94;49;18;43;6;1;21
21. Barajas;2013;Septiembre;2.821;17;0;122;1;27;329;288;164;170;138;24;18;796;360;36;107;73;43;56;14;2;36;1.292;10;0;71;1;12;218;112;100;64;63;14;7;359;155;10;33;17;22;9;5;0;10;1.529;7;0;51;0;15;111;176;64;106;75;10;11;437;205;26;74;56;21;47;9;2;26
21. Barajas;2013;Octubre;2.855;19;0;127;1;25;339;288;167;176;139;29;15;802;383;37;89;72;45;54;15;2;31;1.326;11;0;71;1;12;231;112;102;74;62;14;4;367;160;11;24;17;25;11;6;0;11;1.529;8;0;56;0;13;108;176;65;102;77;15;11;435;223;26;65;55;20;43;9;2;20
21. Barajas;2013;Noviembre;2.838;21;0;126;2;21;338;287;171;194;133;28;17;797;366;34;91;70;41;53;15;2;31;1.330;13;0;72;2;10;229;111;103;84;60;14;6;371;153;8;27;17;22;11;5;0;12;1.508;8;0;54;0;11;109;176;68;110;73;14;11;426;213;26;64;53;19;42;10;2;19
21. Barajas;2013;Diciembre;2.794;24;0;123;2;18;332;263;172;187;141;26;20;810;355;31;85;65;47;50;12;1;30;1.322;12;0;71;2;8;229;101;104;86;64;13;7;377;147;7;26;15;24;13;5;0;11;1.472;12;0;52;0;10;103;162;68;101;77;13;13;433;208;24;59;50;23;37;7;1;19
;;;;;;;;;;;;;;;;;;;;;;;;;;;;;;;;;;;;;;;;;;;;;;;;;;;;;;;;;;;;;;;;;;;;;;;
;;;;;;;;;;;;;;;;;;;;;;;;;;;;;;;;;;;;;;;;;;;;;;;;;;;;;;;;;;;;;;;;;;;;;;;
Fuente: Servicio Público de Empleo Estatal. Elaboración: Subdirección General de Estadística. Ayuntamiento de Madrid;;;;;;;;;;;;;;;;;;;;;;;;;;;;;;;;;;;;;;;;;;;;;;;;;;;;;;;;;;;;;;;;;;;;;;;
"Observaciones: La descripción completa del valor ""Actividades de hogares"" es ""Actividades de los hogares como empleadores de personal doméstico; actividades de los hogares como productores de bienes y servicios para uso propio""";;;;;;;;;;;;;;;;;;;;;;;;;;;;;;;;;;;;;;;;;;;;;;;;;;;;;;;;;;;;;;;;;;;;;;;