distrito,fecha,poblacion
ARGANZUELA,2013-01-01,154862
MORATALAZ,2013-01-01,98385
MONCLOA - ARAVACA,2013-01-01,117670
FUENCARRAL - EL PARDO,2013-01-01,234920
SALAMANCA,2013-01-01,146568
SAN BLAS-CANILLEJAS,2013-01-01,156092
CIUDAD LINEAL,2013-01-01,219928
CENTRO,2013-01-01,139410
VICÁLVARO,2013-01-01,70679
VILLA DE VALLECAS,2013-01-01,98060
TETUÁN,2013-01-01,156487
CHAMBERÍ,2013-01-01,141881
PUENTE DE VALLECAS,2013-01-01,234251
LATINA,2013-01-01,244438
VILLAVERDE,2013-01-01,144930
BARAJAS,2013-01-01,46265
CARABANCHEL,2013-01-01,248738
USERA,2013-01-01,136631
HORTALEZA,2013-01-01,174655
RETIRO,2013-01-01,120810
CHAMARTÍN,2013-01-01,145449
USERA,2013-02-01,136550
HORTALEZA,2013-02-01,174559
CENTRO,2013-02-01,139077
CIUDAD LINEAL,2013-02-01,219461
CHAMARTÍN,2013-02-01,145172
CARABANCHEL,2013-02-01,248265
VICÁLVARO,2013-02-01,70537
FUENCARRAL - EL PARDO,2013-02-01,234705
MONCLOA - ARAVACA,2013-02-01,117519
ARGANZUELA,2013-02-01,154647
MORATALAZ,2013-02-01,98240
VILLA DE VALLECAS,2013-02-01,98253
SAN BLAS-CANILLEJAS,2013-02-01,155923
SALAMANCA,2013-02-01,146317
PUENTE DE VALLECAS,2013-02-01,233929
LATINA,2013-02-01,243964
BARAJAS,2013-02-01,46312
VILLAVERDE,2013-02-01,144768
TETUÁN,2013-02-01,156245
RETIRO,2013-02-01,120638
CHAMBERÍ,2013-02-01,141642
TETUÁN,2013-03-01,154769
CHAMARTÍN,2013-03-01,144246
CARABANCHEL,2013-03-01,246374
FUENCARRAL - EL PARDO,2013-03-01,233706
USERA,2013-03-01,135447
VILLAVERDE,2013-03-01,143776
ARGANZUELA,2013-03-01,153583
MORATALAZ,2013-03-01,97749
BARAJAS,2013-03-01,46065
VILLA DE VALLECAS,2013-03-01,98127
MONCLOA - ARAVACA,2013-03-01,117006
SAN BLAS-CANILLEJAS,2013-03-01,155258
RETIRO,2013-03-01,120034
PUENTE DE VALLECAS,2013-03-01,232082
SALAMANCA,2013-03-01,145202
VICÁLVARO,2013-03-01,70259
LATINA,2013-03-01,242412
CENTRO,2013-03-01,137287
CHAMBERÍ,2013-03-01,140663
CIUDAD LINEAL,2013-03-01,218051
HORTALEZA,2013-03-01,173726
LATINA,2013-04-01,242799
FUENCARRAL - EL PARDO,2013-04-01,234027
CIUDAD LINEAL,2013-04-01,218165
BARAJAS,2013-04-01,46118
USERA,2013-04-01,135826
CHAMARTÍN,2013-04-01,144331
SALAMANCA,2013-04-01,145396
PUENTE DE VALLECAS,2013-04-01,232444
SAN BLAS-CANILLEJAS,2013-04-01,155396
VILLAVERDE,2013-04-01,144167
VILLA DE VALLECAS,2013-04-01,98501
RETIRO,2013-04-01,120100
MORATALAZ,2013-04-01,97718
MONCLOA - ARAVACA,2013-04-01,117145
TETUÁN,2013-04-01,154909
CHAMBERÍ,2013-04-01,140860
ARGANZUELA,2013-04-01,153682
CARABANCHEL,2013-04-01,246863
HORTALEZA,2013-04-01,173971
VICÁLVARO,2013-04-01,70301
CENTRO,2013-04-01,137358
HORTALEZA,2013-05-01,173806
VILLAVERDE,2013-05-01,143953
CENTRO,2013-05-01,136752
SAN BLAS-CANILLEJAS,2013-05-01,155125
LATINA,2013-05-01,242307
SALAMANCA,2013-05-01,144844
CHAMBERÍ,2013-05-01,140551
TETUÁN,2013-05-01,154196
CIUDAD LINEAL,2013-05-01,217569
VICÁLVARO,2013-05-01,70236
PUENTE DE VALLECAS,2013-05-01,231946
BARAJAS,2013-05-01,46053
CARABANCHEL,2013-05-01,246235
MORATALAZ,2013-05-01,97512
CHAMARTÍN,2013-05-01,144160
VILLA DE VALLECAS,2013-05-01,98652
ARGANZUELA,2013-05-01,153249
MONCLOA - ARAVACA,2013-05-01,117005
FUENCARRAL - EL PARDO,2013-05-01,233917
USERA,2013-05-01,135468
RETIRO,2013-05-01,119946
ARGANZUELA,2013-06-01,153241
CHAMBERÍ,2013-06-01,140300
VICÁLVARO,2013-06-01,70211
TETUÁN,2013-06-01,154173
USERA,2013-06-01,135486
LATINA,2013-06-01,242167
VILLAVERDE,2013-06-01,143868
BARAJAS,2013-06-01,46062
HORTALEZA,2013-06-01,173770
RETIRO,2013-06-01,119811
MORATALAZ,2013-06-01,97372
PUENTE DE VALLECAS,2013-06-01,231762
CENTRO,2013-06-01,136669
CHAMARTÍN,2013-06-01,144049
VILLA DE VALLECAS,2013-06-01,98726
SAN BLAS-CANILLEJAS,2013-06-01,155128
SALAMANCA,2013-06-01,144899
CIUDAD LINEAL,2013-06-01,217407
CARABANCHEL,2013-06-01,246204
FUENCARRAL - EL PARDO,2013-06-01,233909
MONCLOA - ARAVACA,2013-06-01,116895
SAN BLAS-CANILLEJAS,2013-07-01,154401
MONCLOA - ARAVACA,2013-07-01,116209
BARAJAS,2013-07-01,45839
PUENTE DE VALLECAS,2013-07-01,230296
FUENCARRAL - EL PARDO,2013-07-01,233100
RETIRO,2013-07-01,119423
ARGANZUELA,2013-07-01,152366
VILLA DE VALLECAS,2013-07-01,98291
USERA,2013-07-01,134517
MORATALAZ,2013-07-01,96788
CARABANCHEL,2013-07-01,244355
HORTALEZA,2013-07-01,173162
SALAMANCA,2013-07-01,143949
TETUÁN,2013-07-01,153087
CHAMBERÍ,2013-07-01,139468
LATINA,2013-07-01,240508
VILLAVERDE,2013-07-01,143073
CIUDAD LINEAL,2013-07-01,216121
VICÁLVARO,2013-07-01,69872
CENTRO,2013-07-01,135176
CHAMARTÍN,2013-07-01,143376
LATINA,2013-08-01,240256
CENTRO,2013-08-01,135148
CARABANCHEL,2013-08-01,244244
FUENCARRAL - EL PARDO,2013-08-01,233171
RETIRO,2013-08-01,119258
VICÁLVARO,2013-08-01,69973
VILLA DE VALLECAS,2013-08-01,98459
HORTALEZA,2013-08-01,173195
SALAMANCA,2013-08-01,143826
PUENTE DE VALLECAS,2013-08-01,230409
USERA,2013-08-01,134526
MORATALAZ,2013-08-01,96842
BARAJAS,2013-08-01,45858
VILLAVERDE,2013-08-01,143182
MONCLOA - ARAVACA,2013-08-01,116083
CHAMBERÍ,2013-08-01,139326
CHAMARTÍN,2013-08-01,143357
TETUÁN,2013-08-01,153226
SAN BLAS-CANILLEJAS,2013-08-01,154386
ARGANZUELA,2013-08-01,152293
CIUDAD LINEAL,2013-08-01,216116
PUENTE DE VALLECAS,2013-09-01,230908
SAN BLAS-CANILLEJAS,2013-09-01,154560
VILLA DE VALLECAS,2013-09-01,98761
MORATALAZ,2013-09-01,96843
MONCLOA - ARAVACA,2013-09-01,116361
VILLAVERDE,2013-09-01,143396
CIUDAD LINEAL,2013-09-01,216442
LATINA,2013-09-01,240417
CARABANCHEL,2013-09-01,244647
CENTRO,2013-09-01,135594
TETUÁN,2013-09-01,153529
FUENCARRAL - EL PARDO,2013-09-01,233620
CHAMARTÍN,2013-09-01,143525
SALAMANCA,2013-09-01,144068
BARAJAS,2013-09-01,45894
CHAMBERÍ,2013-09-01,139614
RETIRO,2013-09-01,119395
ARGANZUELA,2013-09-01,152589
USERA,2013-09-01,134813
VICÁLVARO,2013-09-01,70051
HORTALEZA,2013-09-01,173594
HORTALEZA,2013-10-01,173385
VILLA DE VALLECAS,2013-10-01,98822
TETUÁN,2013-10-01,153277
BARAJAS,2013-10-01,45806
SAN BLAS-CANILLEJAS,2013-10-01,154190
ARGANZUELA,2013-10-01,152314
CHAMARTÍN,2013-10-01,143301
CIUDAD LINEAL,2013-10-01,215902
PUENTE DE VALLECAS,2013-10-01,230125
FUENCARRAL - EL PARDO,2013-10-01,233464
MORATALAZ,2013-10-01,96716
SALAMANCA,2013-10-01,144139
VILLAVERDE,2013-10-01,142983
RETIRO,2013-10-01,119343
USERA,2013-10-01,134458
CHAMBERÍ,2013-10-01,139508
VICÁLVARO,2013-10-01,69972
CENTRO,2013-10-01,135472
LATINA,2013-10-01,239720
MONCLOA - ARAVACA,2013-10-01,116307
CARABANCHEL,2013-10-01,244292
CIUDAD LINEAL,2013-11-01,215274
TETUÁN,2013-11-01,153029
CENTRO,2013-11-01,135183
CARABANCHEL,2013-11-01,243937
VICÁLVARO,2013-11-01,69899
ARGANZUELA,2013-11-01,152094
CHAMBERÍ,2013-11-01,139250
FUENCARRAL - EL PARDO,2013-11-01,233322
VILLA DE VALLECAS,2013-11-01,98890
MORATALAZ,2013-11-01,96546
HORTALEZA,2013-11-01,173128
SAN BLAS-CANILLEJAS,2013-11-01,153928
MONCLOA - ARAVACA,2013-11-01,116217
RETIRO,2013-11-01,119197
SALAMANCA,2013-11-01,144052
BARAJAS,2013-11-01,45778
CHAMARTÍN,2013-11-01,143153
VILLAVERDE,2013-11-01,142746
USERA,2013-11-01,134352
PUENTE DE VALLECAS,2013-11-01,229743
LATINA,2013-11-01,239246
CENTRO,2013-12-01,134937
TETUÁN,2013-12-01,153143
CHAMBERÍ,2013-12-01,139176
MORATALAZ,2013-12-01,96471
USERA,2013-12-01,134154
HORTALEZA,2013-12-01,173122
CARABANCHEL,2013-12-01,243573
RETIRO,2013-12-01,119148
VICÁLVARO,2013-12-01,69884
BARAJAS,2013-12-01,45721
FUENCARRAL - EL PARDO,2013-12-01,233198
VILLA DE VALLECAS,2013-12-01,98933
PUENTE DE VALLECAS,2013-12-01,229508
VILLAVERDE,2013-12-01,142502
ARGANZUELA,2013-12-01,152052
SAN BLAS-CANILLEJAS,2013-12-01,153788
MONCLOA - ARAVACA,2013-12-01,116147
LATINA,2013-12-01,238858
CHAMARTÍN,2013-12-01,143124
SALAMANCA,2013-12-01,144095
CIUDAD LINEAL,2013-12-01,214974
TETUÁN,2014-01-01,152578
USERA,2014-01-01,133571
MORATALAZ,2014-01-01,96296
MONCLOA - ARAVACA,2014-01-01,115859
LATINA,2014-01-01,237995
VICÁLVARO,2014-01-01,69724
VILLAVERDE,2014-01-01,142085
CIUDAD LINEAL,2014-01-01,214163
VILLA DE VALLECAS,2014-01-01,98934
SALAMANCA,2014-01-01,143624
CHAMARTÍN,2014-01-01,142968
PUENTE DE VALLECAS,2014-01-01,228729
SAN BLAS-CANILLEJAS,2014-01-01,153396
ARGANZUELA,2014-01-01,151677
FUENCARRAL - EL PARDO,2014-01-01,232996
CHAMBERÍ,2014-01-01,138875
CARABANCHEL,2014-01-01,242717
BARAJAS,2014-01-01,45661
HORTALEZA,2014-01-01,172917
CENTRO,2014-01-01,134319
RETIRO,2014-01-01,118996
BARAJAS,2014-02-01,45633
VICÁLVARO,2014-02-01,69650
ARGANZUELA,2014-02-01,151624
HORTALEZA,2014-02-01,173142
CHAMARTÍN,2014-02-01,142835
TETUÁN,2014-02-01,152532
RETIRO,2014-02-01,118839
CIUDAD LINEAL,2014-02-01,213956
USERA,2014-02-01,133532
CHAMBERÍ,2014-02-01,138601
CENTRO,2014-02-01,133963
LATINA,2014-02-01,237733
CARABANCHEL,2014-02-01,242750
VILLA DE VALLECAS,2014-02-01,99029
VILLAVERDE,2014-02-01,142103
MONCLOA - ARAVACA,2014-02-01,115817
FUENCARRAL - EL PARDO,2014-02-01,233064
MORATALAZ,2014-02-01,96172
SAN BLAS-CANILLEJAS,2014-02-01,153404
PUENTE DE VALLECAS,2014-02-01,228706
SALAMANCA,2014-02-01,143532
CHAMBERÍ,2014-03-01,138841
CIUDAD LINEAL,2014-03-01,214347
SAN BLAS-CANILLEJAS,2014-03-01,153568
VICÁLVARO,2014-03-01,69838
BARAJAS,2014-03-01,45735
CENTRO,2014-03-01,134195
HORTALEZA,2014-03-01,173576
VILLA DE VALLECAS,2014-03-01,99176
PUENTE DE VALLECAS,2014-03-01,228872
RETIRO,2014-03-01,118987
ARGANZUELA,2014-03-01,151826
FUENCARRAL - EL PARDO,2014-03-01,233708
CARABANCHEL,2014-03-01,243139
USERA,2014-03-01,133753
TETUÁN,2014-03-01,152808
MONCLOA - ARAVACA,2014-03-01,116014
VILLAVERDE,2014-03-01,142382
SALAMANCA,2014-03-01,143712
MORATALAZ,2014-03-01,96158
CHAMARTÍN,2014-03-01,142947
LATINA,2014-03-01,237844
BARAJAS,2014-04-01,45744
PUENTE DE VALLECAS,2014-04-01,228375
SAN BLAS-CANILLEJAS,2014-04-01,153440
MONCLOA - ARAVACA,2014-04-01,115826
ARGANZUELA,2014-04-01,151473
CHAMBERÍ,2014-04-01,138533
TETUÁN,2014-04-01,152375
CARABANCHEL,2014-04-01,242706
LATINA,2014-04-01,237398
MORATALAZ,2014-04-01,95984
FUENCARRAL - EL PARDO,2014-04-01,233816
VILLA DE VALLECAS,2014-04-01,99218
CHAMARTÍN,2014-04-01,142773
VICÁLVARO,2014-04-01,69772
VILLAVERDE,2014-04-01,142190
USERA,2014-04-01,133485
HORTALEZA,2014-04-01,173672
RETIRO,2014-04-01,118862
CIUDAD LINEAL,2014-04-01,214064
SALAMANCA,2014-04-01,143504
CENTRO,2014-04-01,133329
CHAMBERÍ,2014-05-01,138370
SAN BLAS-CANILLEJAS,2014-05-01,153363
FUENCARRAL - EL PARDO,2014-05-01,233726
USERA,2014-05-01,133451
TETUÁN,2014-05-01,152094
VICÁLVARO,2014-05-01,69789
CIUDAD LINEAL,2014-05-01,213956
CHAMARTÍN,2014-05-01,142463
SALAMANCA,2014-05-01,143260
CENTRO,2014-05-01,132684
RETIRO,2014-05-01,118799
MORATALAZ,2014-05-01,95785
MONCLOA - ARAVACA,2014-05-01,115861
PUENTE DE VALLECAS,2014-05-01,228226
VILLA DE VALLECAS,2014-05-01,99275
CARABANCHEL,2014-05-01,242571
ARGANZUELA,2014-05-01,151272
VILLAVERDE,2014-05-01,142090
BARAJAS,2014-05-01,45776
HORTALEZA,2014-05-01,173822
LATINA,2014-05-01,237066
CHAMARTÍN,2014-06-01,142290
SALAMANCA,2014-06-01,143093
VICÁLVARO,2014-06-01,69741
CARABANCHEL,2014-06-01,242366
LATINA,2014-06-01,236798
CIUDAD LINEAL,2014-06-01,213842
BARAJAS,2014-06-01,45758
VILLA DE VALLECAS,2014-06-01,99346
MORATALAZ,2014-06-01,95728
USERA,2014-06-01,133367
SAN BLAS-CANILLEJAS,2014-06-01,153240
VILLAVERDE,2014-06-01,142052
HORTALEZA,2014-06-01,173866
RETIRO,2014-06-01,118685
CHAMBERÍ,2014-06-01,138147
ARGANZUELA,2014-06-01,151146
PUENTE DE VALLECAS,2014-06-01,227939
FUENCARRAL - EL PARDO,2014-06-01,233744
CENTRO,2014-06-01,132356
MONCLOA - ARAVACA,2014-06-01,115719
TETUÁN,2014-06-01,151921
FUENCARRAL - EL PARDO,2014-07-01,233541
LATINA,2014-07-01,236126
VILLAVERDE,2014-07-01,141687
RETIRO,2014-07-01,118415
SALAMANCA,2014-07-01,142746
CHAMARTÍN,2014-07-01,141908
HORTALEZA,2014-07-01,173771
PUENTE DE VALLECAS,2014-07-01,227418
BARAJAS,2014-07-01,45727
TETUÁN,2014-07-01,151470
CHAMBERÍ,2014-07-01,137792
VICÁLVARO,2014-07-01,69580
CARABANCHEL,2014-07-01,241729
CIUDAD LINEAL,2014-07-01,213381
ARGANZUELA,2014-07-01,150786
VILLA DE VALLECAS,2014-07-01,99306
MORATALAZ,2014-07-01,95560
CENTRO,2014-07-01,131841
MONCLOA - ARAVACA,2014-07-01,115778
SAN BLAS-CANILLEJAS,2014-07-01,153027
USERA,2014-07-01,133018
CENTRO,2014-08-01,131939
PUENTE DE VALLECAS,2014-08-01,227493
SALAMANCA,2014-08-01,142749
VILLA DE VALLECAS,2014-08-01,99434
USERA,2014-08-01,133181
CARABANCHEL,2014-08-01,241779
CHAMARTÍN,2014-08-01,141891
SAN BLAS-CANILLEJAS,2014-08-01,153028
LATINA,2014-08-01,235900
MORATALAZ,2014-08-01,95549
ARGANZUELA,2014-08-01,150770
RETIRO,2014-08-01,118383
VILLAVERDE,2014-08-01,141772
TETUÁN,2014-08-01,151633
CIUDAD LINEAL,2014-08-01,213330
CHAMBERÍ,2014-08-01,137779
FUENCARRAL - EL PARDO,2014-08-01,233551
BARAJAS,2014-08-01,45757
HORTALEZA,2014-08-01,174152
VICÁLVARO,2014-08-01,69659
MONCLOA - ARAVACA,2014-08-01,115806
PUENTE DE VALLECAS,2014-09-01,228100
CHAMBERÍ,2014-09-01,138109
ARGANZUELA,2014-09-01,151090
MONCLOA - ARAVACA,2014-09-01,116375
USERA,2014-09-01,133522
SAN BLAS-CANILLEJAS,2014-09-01,153397
MORATALAZ,2014-09-01,95582
VILLAVERDE,2014-09-01,142099
CIUDAD LINEAL,2014-09-01,213527
CHAMARTÍN,2014-09-01,142048
BARAJAS,2014-09-01,45884
SALAMANCA,2014-09-01,143198
TETUÁN,2014-09-01,151834
FUENCARRAL - EL PARDO,2014-09-01,233874
LATINA,2014-09-01,236149
VICÁLVARO,2014-09-01,69740
CENTRO,2014-09-01,132348
HORTALEZA,2014-09-01,174714
VILLA DE VALLECAS,2014-09-01,99677
CARABANCHEL,2014-09-01,242230
RETIRO,2014-09-01,118548
VICÁLVARO,2014-10-01,69641
MONCLOA - ARAVACA,2014-10-01,116572
RETIRO,2014-10-01,118499
SALAMANCA,2014-10-01,143461
TETUÁN,2014-10-01,151815
ARGANZUELA,2014-10-01,151011
CARABANCHEL,2014-10-01,241592
VILLA DE VALLECAS,2014-10-01,99674
CENTRO,2014-10-01,132400
VILLAVERDE,2014-10-01,141784
HORTALEZA,2014-10-01,174825
MORATALAZ,2014-10-01,95336
PUENTE DE VALLECAS,2014-10-01,227700
CHAMARTÍN,2014-10-01,142127
USERA,2014-10-01,133426
FUENCARRAL - EL PARDO,2014-10-01,233905
SAN BLAS-CANILLEJAS,2014-10-01,153233
LATINA,2014-10-01,235684
CHAMBERÍ,2014-10-01,138338
CIUDAD LINEAL,2014-10-01,213129
BARAJAS,2014-10-01,45852
CHAMARTÍN,2014-11-01,142236
HORTALEZA,2014-11-01,175241
SAN BLAS-CANILLEJAS,2014-11-01,153394
CARABANCHEL,2014-11-01,242042
TETUÁN,2014-11-01,152236
VILLAVERDE,2014-11-01,141771
LATINA,2014-11-01,235935
MORATALAZ,2014-11-01,95347
CIUDAD LINEAL,2014-11-01,213345
MONCLOA - ARAVACA,2014-11-01,116836
CENTRO,2014-11-01,132899
USERA,2014-11-01,133626
BARAJAS,2014-11-01,45952
SALAMANCA,2014-11-01,143768
VICÁLVARO,2014-11-01,69694
ARGANZUELA,2014-11-01,151249
RETIRO,2014-11-01,118665
VILLA DE VALLECAS,2014-11-01,99913
CHAMBERÍ,2014-11-01,138564
FUENCARRAL - EL PARDO,2014-11-01,234148
PUENTE DE VALLECAS,2014-11-01,227841
MONCLOA - ARAVACA,2014-12-01,116280
VILLA DE VALLECAS,2014-12-01,99702
USERA,2014-12-01,133035
FUENCARRAL - EL PARDO,2014-12-01,233341
PUENTE DE VALLECAS,2014-12-01,226744
LATINA,2014-12-01,234839
CIUDAD LINEAL,2014-12-01,212264
SAN BLAS-CANILLEJAS,2014-12-01,152780
BARAJAS,2014-12-01,45812
MORATALAZ,2014-12-01,95031
HORTALEZA,2014-12-01,174640
CHAMBERÍ,2014-12-01,137767
CHAMARTÍN,2014-12-01,141738
VICÁLVARO,2014-12-01,69460
RETIRO,2014-12-01,118212
TETUÁN,2014-12-01,151313
CARABANCHEL,2014-12-01,240853
ARGANZUELA,2014-12-01,150467
CENTRO,2014-12-01,131568
SALAMANCA,2014-12-01,142843
VILLAVERDE,2014-12-01,140974
VICÁLVARO,2015-01-01,69614
FUENCARRAL - EL PARDO,2015-01-01,233978
LATINA,2015-01-01,235093
ARGANZUELA,2015-01-01,150884
SAN BLAS-CANILLEJAS,2015-01-01,153131
BARAJAS,2015-01-01,45870
MORATALAZ,2015-01-01,95089
HORTALEZA,2015-01-01,175293
PUENTE DE VALLECAS,2015-01-01,227263
CHAMBERÍ,2015-01-01,137985
CENTRO,2015-01-01,131990
CHAMARTÍN,2015-01-01,142039
TETUÁN,2015-01-01,151641
CARABANCHEL,2015-01-01,241319
CIUDAD LINEAL,2015-01-01,212492
USERA,2015-01-01,133429
VILLAVERDE,2015-01-01,141279
VILLA DE VALLECAS,2015-01-01,100039
MONCLOA - ARAVACA,2015-01-01,116492
SALAMANCA,2015-01-01,143152
RETIRO,2015-01-01,118500
CHAMBERÍ,2015-02-01,137716
SALAMANCA,2015-02-01,142863
HORTALEZA,2015-02-01,175553
PUENTE DE VALLECAS,2015-02-01,226920
VILLA DE VALLECAS,2015-02-01,100251
VICÁLVARO,2015-02-01,69586
MORATALAZ,2015-02-01,94945
FUENCARRAL - EL PARDO,2015-02-01,233907
CHAMARTÍN,2015-02-01,142132
BARAJAS,2015-02-01,45950
VILLAVERDE,2015-02-01,141310
ARGANZUELA,2015-02-01,150726
MONCLOA - ARAVACA,2015-02-01,116397
SAN BLAS-CANILLEJAS,2015-02-01,153056
CARABANCHEL,2015-02-01,241175
LATINA,2015-02-01,234844
CIUDAD LINEAL,2015-02-01,212199
RETIRO,2015-02-01,118404
TETUÁN,2015-02-01,151681
CENTRO,2015-02-01,131525
USERA,2015-02-01,133370
CHAMARTÍN,2015-03-01,142369
CARABANCHEL,2015-03-01,241704
RETIRO,2015-03-01,118598
SALAMANCA,2015-03-01,143096
CENTRO,2015-03-01,131995
MONCLOA - ARAVACA,2015-03-01,116652
HORTALEZA,2015-03-01,176062
USERA,2015-03-01,133485
BARAJAS,2015-03-01,46164
VICÁLVARO,2015-03-01,69803
CHAMBERÍ,2015-03-01,137762
LATINA,2015-03-01,235147
PUENTE DE VALLECAS,2015-03-01,227262
VILLAVERDE,2015-03-01,141304
FUENCARRAL - EL PARDO,2015-03-01,234509
TETUÁN,2015-03-01,152015
ARGANZUELA,2015-03-01,150814
VILLA DE VALLECAS,2015-03-01,100716
CIUDAD LINEAL,2015-03-01,212468
MORATALAZ,2015-03-01,94987
SAN BLAS-CANILLEJAS,2015-03-01,153233
CIUDAD LINEAL,2015-04-01,212273
MORATALAZ,2015-04-01,94768
CHAMBERÍ,2015-04-01,137282
HORTALEZA,2015-04-01,175937
FUENCARRAL - EL PARDO,2015-04-01,234502
CENTRO,2015-04-01,131508
VILLA DE VALLECAS,2015-04-01,100716
PUENTE DE VALLECAS,2015-04-01,226869
SALAMANCA,2015-04-01,142804
ARGANZUELA,2015-04-01,150706
MONCLOA - ARAVACA,2015-04-01,116467
RETIRO,2015-04-01,118371
CHAMARTÍN,2015-04-01,142186
VILLAVERDE,2015-04-01,141142
USERA,2015-04-01,133335
LATINA,2015-04-01,234795
TETUÁN,2015-04-01,151750
SAN BLAS-CANILLEJAS,2015-04-01,153065
BARAJAS,2015-04-01,46076
VICÁLVARO,2015-04-01,69630
CARABANCHEL,2015-04-01,241556
RETIRO,2015-05-01,118390
TETUÁN,2015-05-01,152142
MONCLOA - ARAVACA,2015-05-01,116581
ARGANZUELA,2015-05-01,151061
CHAMBERÍ,2015-05-01,137454
SAN BLAS-CANILLEJAS,2015-05-01,153303
VICÁLVARO,2015-05-01,69709
MORATALAZ,2015-05-01,94785
CHAMARTÍN,2015-05-01,142334
HORTALEZA,2015-05-01,176320
BARAJAS,2015-05-01,46166
CARABANCHEL,2015-05-01,242032
LATINA,2015-05-01,234842
SALAMANCA,2015-05-01,143123
PUENTE DE VALLECAS,2015-05-01,227183
CIUDAD LINEAL,2015-05-01,212626
VILLAVERDE,2015-05-01,141457
USERA,2015-05-01,133579
VILLA DE VALLECAS,2015-05-01,101011
FUENCARRAL - EL PARDO,2015-05-01,234883
CENTRO,2015-05-01,131805
VICÁLVARO,2015-06-01,69830
BARAJAS,2015-06-01,46284
TETUÁN,2015-06-01,152411
FUENCARRAL - EL PARDO,2015-06-01,235214
CARABANCHEL,2015-06-01,242274
MONCLOA - ARAVACA,2015-06-01,116633
VILLAVERDE,2015-06-01,141801
ARGANZUELA,2015-06-01,151226
CHAMBERÍ,2015-06-01,137561
SALAMANCA,2015-06-01,143143
RETIRO,2015-06-01,118553
HORTALEZA,2015-06-01,176694
USERA,2015-06-01,133973
CENTRO,2015-06-01,132086
CHAMARTÍN,2015-06-01,142329
PUENTE DE VALLECAS,2015-06-01,227652
LATINA,2015-06-01,234903
CIUDAD LINEAL,2015-06-01,212898
VILLA DE VALLECAS,2015-06-01,101289
MORATALAZ,2015-06-01,94852
SAN BLAS-CANILLEJAS,2015-06-01,153532
LATINA,2015-07-01,234210
VILLAVERDE,2015-07-01,141297
SALAMANCA,2015-07-01,142442
USERA,2015-07-01,133596
CIUDAD LINEAL,2015-07-01,212263
MONCLOA - ARAVACA,2015-07-01,116523
ARGANZUELA,2015-07-01,150945
PUENTE DE VALLECAS,2015-07-01,226853
VILLA DE VALLECAS,2015-07-01,101226
FUENCARRAL - EL PARDO,2015-07-01,234968
RETIRO,2015-07-01,118319
TETUÁN,2015-07-01,151968
CARABANCHEL,2015-07-01,241583
CENTRO,2015-07-01,131349
CHAMBERÍ,2015-07-01,137097
BARAJAS,2015-07-01,46163
MORATALAZ,2015-07-01,94721
VICÁLVARO,2015-07-01,69710
SAN BLAS-CANILLEJAS,2015-07-01,153331
CHAMARTÍN,2015-07-01,142027
HORTALEZA,2015-07-01,176421
FUENCARRAL - EL PARDO,2015-08-01,234972
ARGANZUELA,2015-08-01,150911
VICÁLVARO,2015-08-01,69735
HORTALEZA,2015-08-01,176763
CHAMARTÍN,2015-08-01,142110
PUENTE DE VALLECAS,2015-08-01,226859
VILLA DE VALLECAS,2015-08-01,101409
MORATALAZ,2015-08-01,94652
VILLAVERDE,2015-08-01,141342
CENTRO,2015-08-01,131525
SALAMANCA,2015-08-01,142469
CIUDAD LINEAL,2015-08-01,212215
TETUÁN,2015-08-01,152062
MONCLOA - ARAVACA,2015-08-01,116496
LATINA,2015-08-01,234277
SAN BLAS-CANILLEJAS,2015-08-01,153307
CHAMBERÍ,2015-08-01,137014
RETIRO,2015-08-01,118263
USERA,2015-08-01,133794
CARABANCHEL,2015-08-01,241606
BARAJAS,2015-08-01,46198
PUENTE DE VALLECAS,2015-09-01,227601
HORTALEZA,2015-09-01,177698
CHAMBERÍ,2015-09-01,137665
SAN BLAS-CANILLEJAS,2015-09-01,153813
CHAMARTÍN,2015-09-01,142592
MORATALAZ,2015-09-01,94862
VILLAVERDE,2015-09-01,141811
CENTRO,2015-09-01,132428
VILLA DE VALLECAS,2015-09-01,101885
CARABANCHEL,2015-09-01,242616
USERA,2015-09-01,134181
LATINA,2015-09-01,234731
CIUDAD LINEAL,2015-09-01,212908
RETIRO,2015-09-01,118592
VICÁLVARO,2015-09-01,69979
ARGANZUELA,2015-09-01,151414
SALAMANCA,2015-09-01,143227
MONCLOA - ARAVACA,2015-09-01,116835
BARAJAS,2015-09-01,46342
TETUÁN,2015-09-01,152661
FUENCARRAL - EL PARDO,2015-09-01,235678
CIUDAD LINEAL,2015-10-01,213224
SALAMANCA,2015-10-01,143802
LATINA,2015-10-01,234949
FUENCARRAL - EL PARDO,2015-10-01,236056
MONCLOA - ARAVACA,2015-10-01,117171
HORTALEZA,2015-10-01,177890
PUENTE DE VALLECAS,2015-10-01,227893
RETIRO,2015-10-01,118661
MORATALAZ,2015-10-01,95036
SAN BLAS-CANILLEJAS,2015-10-01,153958
CHAMBERÍ,2015-10-01,138036
VICÁLVARO,2015-10-01,69994
VILLAVERDE,2015-10-01,141954
BARAJAS,2015-10-01,46393
CENTRO,2015-10-01,133187
USERA,2015-10-01,134469
ARGANZUELA,2015-10-01,151816
VILLA DE VALLECAS,2015-10-01,102074
CARABANCHEL,2015-10-01,242881
TETUÁN,2015-10-01,152978
CHAMARTÍN,2015-10-01,142878
TETUÁN,2015-11-01,152876
PUENTE DE VALLECAS,2015-11-01,227667
SALAMANCA,2015-11-01,143760
VILLAVERDE,2015-11-01,141768
CENTRO,2015-11-01,133095
SAN BLAS-CANILLEJAS,2015-11-01,153784
VICÁLVARO,2015-11-01,69944
FUENCARRAL - EL PARDO,2015-11-01,235929
ARGANZUELA,2015-11-01,151757
CHAMBERÍ,2015-11-01,138037
MONCLOA - ARAVACA,2015-11-01,117079
LATINA,2015-11-01,234829
MORATALAZ,2015-11-01,94859
HORTALEZA,2015-11-01,177938
BARAJAS,2015-11-01,46340
RETIRO,2015-11-01,118649
USERA,2015-11-01,134374
CARABANCHEL,2015-11-01,242638
CIUDAD LINEAL,2015-11-01,213012
CHAMARTÍN,2015-11-01,142950
VILLA DE VALLECAS,2015-11-01,102111
CHAMBERÍ,2015-12-01,138053
PUENTE DE VALLECAS,2015-12-01,227852
RETIRO,2015-12-01,118831
SALAMANCA,2015-12-01,143719
CENTRO,2015-12-01,133133
USERA,2015-12-01,134400
SAN BLAS-CANILLEJAS,2015-12-01,153856
VICÁLVARO,2015-12-01,69958
CIUDAD LINEAL,2015-12-01,213048
FUENCARRAL - EL PARDO,2015-12-01,236059
VILLAVERDE,2015-12-01,141855
ARGANZUELA,2015-12-01,151901
HORTALEZA,2015-12-01,178130
CARABANCHEL,2015-12-01,242743
MONCLOA - ARAVACA,2015-12-01,117035
VILLA DE VALLECAS,2015-12-01,102296
TETUÁN,2015-12-01,153076
BARAJAS,2015-12-01,46373
LATINA,2015-12-01,234683
CHAMARTÍN,2015-12-01,143069
MORATALAZ,2015-12-01,94875
LATINA,2016-01-01,234975
VILLAVERDE,2016-01-01,142163
BARAJAS,2016-01-01,46530
TETUÁN,2016-01-01,153463
USERA,2016-01-01,134736
CIUDAD LINEAL,2016-01-01,213448
SALAMANCA,2016-01-01,144050
SAN BLAS-CANILLEJAS,2016-01-01,154017
VICÁLVARO,2016-01-01,70010
VILLA DE VALLECAS,2016-01-01,102742
PUENTE DE VALLECAS,2016-01-01,228283
RETIRO,2016-01-01,118980
HORTALEZA,2016-01-01,178682
MONCLOA - ARAVACA,2016-01-01,117207
ARGANZUELA,2016-01-01,152313
MORATALAZ,2016-01-01,95029
CENTRO,2016-01-01,133342
FUENCARRAL - EL PARDO,2016-01-01,236518
CHAMARTÍN,2016-01-01,143376
CARABANCHEL,2016-01-01,243321
CHAMBERÍ,2016-01-01,138212
LATINA,2016-02-01,234479
CIUDAD LINEAL,2016-02-01,212901
CHAMBERÍ,2016-02-01,137845
MORATALAZ,2016-02-01,94698
RETIRO,2016-02-01,118892
CARABANCHEL,2016-02-01,242997
HORTALEZA,2016-02-01,178692
MONCLOA - ARAVACA,2016-02-01,116889
VILLA DE VALLECAS,2016-02-01,102692
ARGANZUELA,2016-02-01,152034
BARAJAS,2016-02-01,46536
VILLAVERDE,2016-02-01,141880
TETUÁN,2016-02-01,153113
SAN BLAS-CANILLEJAS,2016-02-01,153859
SALAMANCA,2016-02-01,143728
VICÁLVARO,2016-02-01,69862
CHAMARTÍN,2016-02-01,142998
PUENTE DE VALLECAS,2016-02-01,227661
USERA,2016-02-01,134425
FUENCARRAL - EL PARDO,2016-02-01,236299
CENTRO,2016-02-01,132684
PUENTE DE VALLECAS,2016-03-01,228073
LATINA,2016-03-01,234801
SALAMANCA,2016-03-01,143944
USERA,2016-03-01,134689
VILLA DE VALLECAS,2016-03-01,103024
CENTRO,2016-03-01,132819
FUENCARRAL - EL PARDO,2016-03-01,236889
HORTALEZA,2016-03-01,179180
CARABANCHEL,2016-03-01,243504
RETIRO,2016-03-01,119034
VICÁLVARO,2016-03-01,69973
CIUDAD LINEAL,2016-03-01,213183
CHAMARTÍN,2016-03-01,143201
BARAJAS,2016-03-01,46667
CHAMBERÍ,2016-03-01,137898
SAN BLAS-CANILLEJAS,2016-03-01,154115
ARGANZUELA,2016-03-01,152302
TETUÁN,2016-03-01,153620
MONCLOA - ARAVACA,2016-03-01,117045
MORATALAZ,2016-03-01,94831
VILLAVERDE,2016-03-01,142373
MORATALAZ,2016-04-01,94977
VILLAVERDE,2016-04-01,142699
FUENCARRAL - EL PARDO,2016-04-01,237643
HORTALEZA,2016-04-01,179742
SALAMANCA,2016-04-01,144347
CARABANCHEL,2016-04-01,244213
USERA,2016-04-01,135224
SAN BLAS-CANILLEJAS,2016-04-01,154496
CHAMARTÍN,2016-04-01,143540
CENTRO,2016-04-01,133203
LATINA,2016-04-01,235262
VICÁLVARO,2016-04-01,70098
VILLA DE VALLECAS,2016-04-01,103313
MONCLOA - ARAVACA,2016-04-01,117284
PUENTE DE VALLECAS,2016-04-01,228659
BARAJAS,2016-04-01,46846
CHAMBERÍ,2016-04-01,138299
TETUÁN,2016-04-01,154099
CIUDAD LINEAL,2016-04-01,213671
ARGANZUELA,2016-04-01,152599
RETIRO,2016-04-01,119210
ARGANZUELA,2016-05-01,152181
SALAMANCA,2016-05-01,143709
HORTALEZA,2016-05-01,179536
BARAJAS,2016-05-01,46716
CARABANCHEL,2016-05-01,243531
CENTRO,2016-05-01,132364
LATINA,2016-05-01,234547
MONCLOA - ARAVACA,2016-05-01,117024
TETUÁN,2016-05-01,153648
FUENCARRAL - EL PARDO,2016-05-01,237457
VILLA DE VALLECAS,2016-05-01,103232
CIUDAD LINEAL,2016-05-01,212941
CHAMARTÍN,2016-05-01,143008
RETIRO,2016-05-01,118922
MORATALAZ,2016-05-01,94726
VILLAVERDE,2016-05-01,142348
PUENTE DE VALLECAS,2016-05-01,227844
CHAMBERÍ,2016-05-01,137650
SAN BLAS-CANILLEJAS,2016-05-01,154183
VICÁLVARO,2016-05-01,70115
USERA,2016-05-01,134893
CHAMBERÍ,2016-06-01,137717
VILLA DE VALLECAS,2016-06-01,103640
VICÁLVARO,2016-06-01,70163
PUENTE DE VALLECAS,2016-06-01,228156
BARAJAS,2016-06-01,46798
MORATALAZ,2016-06-01,94736
ARGANZUELA,2016-06-01,152304
FUENCARRAL - EL PARDO,2016-06-01,238005
TETUÁN,2016-06-01,154029
CIUDAD LINEAL,2016-06-01,213319
VILLAVERDE,2016-06-01,142716
SAN BLAS-CANILLEJAS,2016-06-01,154385
CARABANCHEL,2016-06-01,244112
RETIRO,2016-06-01,118982
USERA,2016-06-01,135202
SALAMANCA,2016-06-01,143844
CENTRO,2016-06-01,132477
HORTALEZA,2016-06-01,179805
LATINA,2016-06-01,234961
CHAMARTÍN,2016-06-01,143206
MONCLOA - ARAVACA,2016-06-01,117134
CENTRO,2016-07-01,131864
USERA,2016-07-01,134814
PUENTE DE VALLECAS,2016-07-01,227679
SALAMANCA,2016-07-01,143432
SAN BLAS-CANILLEJAS,2016-07-01,154206
VILLA DE VALLECAS,2016-07-01,103572
ARGANZUELA,2016-07-01,152111
MORATALAZ,2016-07-01,94573
BARAJAS,2016-07-01,46771
CARABANCHEL,2016-07-01,243586
RETIRO,2016-07-01,118793
MONCLOA - ARAVACA,2016-07-01,116928
VILLAVERDE,2016-07-01,142304
LATINA,2016-07-01,234509
CIUDAD LINEAL,2016-07-01,213027
HORTALEZA,2016-07-01,179675
VICÁLVARO,2016-07-01,70104
FUENCARRAL - EL PARDO,2016-07-01,237973
CHAMBERÍ,2016-07-01,137509
TETUÁN,2016-07-01,153682
CHAMARTÍN,2016-07-01,142981
USERA,2016-08-01,135021
CHAMARTÍN,2016-08-01,143280
CENTRO,2016-08-01,132300
VILLAVERDE,2016-08-01,142569
RETIRO,2016-08-01,118808
SAN BLAS-CANILLEJAS,2016-08-01,154360
BARAJAS,2016-08-01,46860
CIUDAD LINEAL,2016-08-01,213256
CARABANCHEL,2016-08-01,243904
PUENTE DE VALLECAS,2016-08-01,228047
MONCLOA - ARAVACA,2016-08-01,117036
LATINA,2016-08-01,234774
SALAMANCA,2016-08-01,143684
VILLA DE VALLECAS,2016-08-01,103828
ARGANZUELA,2016-08-01,152225
HORTALEZA,2016-08-01,180054
MORATALAZ,2016-08-01,94641
FUENCARRAL - EL PARDO,2016-08-01,238368
TETUÁN,2016-08-01,153958
VICÁLVARO,2016-08-01,70170
CHAMBERÍ,2016-08-01,137630
VICÁLVARO,2016-09-01,69975
RETIRO,2016-09-01,118660
PUENTE DE VALLECAS,2016-09-01,227532
CENTRO,2016-09-01,131802
CARABANCHEL,2016-09-01,243158
MONCLOA - ARAVACA,2016-09-01,116849
ARGANZUELA,2016-09-01,151815
FUENCARRAL - EL PARDO,2016-09-01,238410
CHAMBERÍ,2016-09-01,137388
HORTALEZA,2016-09-01,179913
SAN BLAS-CANILLEJAS,2016-09-01,154310
USERA,2016-09-01,134506
MORATALAZ,2016-09-01,94403
SALAMANCA,2016-09-01,143586
CHAMARTÍN,2016-09-01,143230
VILLAVERDE,2016-09-01,142334
BARAJAS,2016-09-01,46850
TETUÁN,2016-09-01,153352
CIUDAD LINEAL,2016-09-01,212783
VILLA DE VALLECAS,2016-09-01,103916
LATINA,2016-09-01,234067
VILLA DE VALLECAS,2016-10-01,104210
SALAMANCA,2016-10-01,144084
ARGANZUELA,2016-10-01,152120
BARAJAS,2016-10-01,46934
TETUÁN,2016-10-01,153689
FUENCARRAL - EL PARDO,2016-10-01,238722
MONCLOA - ARAVACA,2016-10-01,117220
USERA,2016-10-01,134899
CIUDAD LINEAL,2016-10-01,212970
CARABANCHEL,2016-10-01,243864
CHAMBERÍ,2016-10-01,137602
RETIRO,2016-10-01,118834
VILLAVERDE,2016-10-01,142674
CHAMARTÍN,2016-10-01,143575
MORATALAZ,2016-10-01,94475
VICÁLVARO,2016-10-01,70076
LATINA,2016-10-01,234421
CENTRO,2016-10-01,132311
HORTALEZA,2016-10-01,180386
SAN BLAS-CANILLEJAS,2016-10-01,154541
PUENTE DE VALLECAS,2016-10-01,227954
TETUÁN,2016-11-01,154268
FUENCARRAL - EL PARDO,2016-11-01,239266
HORTALEZA,2016-11-01,180795
CHAMBERÍ,2016-11-01,137956
PUENTE DE VALLECAS,2016-11-01,228477
RETIRO,2016-11-01,118999
VILLAVERDE,2016-11-01,143079
BARAJAS,2016-11-01,47034
CHAMARTÍN,2016-11-01,143838
CARABANCHEL,2016-11-01,244781
LATINA,2016-11-01,234766
VILLA DE VALLECAS,2016-11-01,104510
MORATALAZ,2016-11-01,94551
CIUDAD LINEAL,2016-11-01,213364
SALAMANCA,2016-11-01,144390
MONCLOA - ARAVACA,2016-11-01,117485
ARGANZUELA,2016-11-01,152449
SAN BLAS-CANILLEJAS,2016-11-01,154925
VICÁLVARO,2016-11-01,70201
CENTRO,2016-11-01,132651
USERA,2016-11-01,135349
HORTALEZA,2016-12-01,180879
CARABANCHEL,2016-12-01,244709
MONCLOA - ARAVACA,2016-12-01,117310
TETUÁN,2016-12-01,154222
CIUDAD LINEAL,2016-12-01,213133
VILLA DE VALLECAS,2016-12-01,104565
LATINA,2016-12-01,234486
USERA,2016-12-01,135189
FUENCARRAL - EL PARDO,2016-12-01,239225
CENTRO,2016-12-01,132422
VICÁLVARO,2016-12-01,70203
ARGANZUELA,2016-12-01,152337
SAN BLAS-CANILLEJAS,2016-12-01,154782
SALAMANCA,2016-12-01,144249
MORATALAZ,2016-12-01,94495
CHAMBERÍ,2016-12-01,137943
BARAJAS,2016-12-01,47000
VILLAVERDE,2016-12-01,143059
RETIRO,2016-12-01,118844
PUENTE DE VALLECAS,2016-12-01,228249
CHAMARTÍN,2016-12-01,143816
CHAMARTÍN,2017-01-01,143938
RETIRO,2017-01-01,118848
VILLAVERDE,2017-01-01,143253
VILLA DE VALLECAS,2017-01-01,104780
SAN BLAS-CANILLEJAS,2017-01-01,155063
CARABANCHEL,2017-01-01,244976
MORATALAZ,2017-01-01,94432
MONCLOA - ARAVACA,2017-01-01,117137
TETUÁN,2017-01-01,154346
VICÁLVARO,2017-01-01,70251
BARAJAS,2017-01-01,47030
PUENTE DE VALLECAS,2017-01-01,228372
FUENCARRAL - EL PARDO,2017-01-01,239531
SALAMANCA,2017-01-01,144197
USERA,2017-01-01,135366
CHAMBERÍ,2017-01-01,137869
ARGANZUELA,2017-01-01,152357
CIUDAD LINEAL,2017-01-01,213168
HORTALEZA,2017-01-01,181234
CENTRO,2017-01-01,132178
LATINA,2017-01-01,234480
HORTALEZA,2017-02-01,181476
SAN BLAS-CANILLEJAS,2017-02-01,155323
SALAMANCA,2017-02-01,144451
MORATALAZ,2017-02-01,94426
LATINA,2017-02-01,234936
CHAMARTÍN,2017-02-01,144154
BARAJAS,2017-02-01,47136
CENTRO,2017-02-01,132536
CHAMBERÍ,2017-02-01,138016
VICÁLVARO,2017-02-01,70344
MONCLOA - ARAVACA,2017-02-01,117256
ARGANZUELA,2017-02-01,152645
PUENTE DE VALLECAS,2017-02-01,228713
USERA,2017-02-01,135730
RETIRO,2017-02-01,118911
FUENCARRAL - EL PARDO,2017-02-01,240089
VILLA DE VALLECAS,2017-02-01,105033
VILLAVERDE,2017-02-01,143585
CIUDAD LINEAL,2017-02-01,213481
TETUÁN,2017-02-01,154785
CARABANCHEL,2017-02-01,245506
PUENTE DE VALLECAS,2017-03-01,228270
CARABANCHEL,2017-03-01,245211
VILLAVERDE,2017-03-01,143471
MONCLOA - ARAVACA,2017-03-01,117047
MORATALAZ,2017-03-01,94413
LATINA,2017-03-01,234696
BARAJAS,2017-03-01,47184
HORTALEZA,2017-03-01,181312
VILLA DE VALLECAS,2017-03-01,105099
ARGANZUELA,2017-03-01,152174
VICÁLVARO,2017-03-01,70354
CHAMARTÍN,2017-03-01,143962
SALAMANCA,2017-03-01,143955
CENTRO,2017-03-01,131752
FUENCARRAL - EL PARDO,2017-03-01,240036
CHAMBERÍ,2017-03-01,137638
TETUÁN,2017-03-01,154394
USERA,2017-03-01,135457
RETIRO,2017-03-01,118599
CIUDAD LINEAL,2017-03-01,213223
SAN BLAS-CANILLEJAS,2017-03-01,155249
TETUÁN,2017-04-01,154345
PUENTE DE VALLECAS,2017-04-01,228274
CENTRO,2017-04-01,131566
MORATALAZ,2017-04-01,94380
SAN BLAS-CANILLEJAS,2017-04-01,155366
VILLAVERDE,2017-04-01,143682
HORTALEZA,2017-04-01,181645
USERA,2017-04-01,135658
VICÁLVARO,2017-04-01,70451
MONCLOA - ARAVACA,2017-04-01,117073
CARABANCHEL,2017-04-01,245361
VILLA DE VALLECAS,2017-04-01,105518
FUENCARRAL - EL PARDO,2017-04-01,240569
LATINA,2017-04-01,234679
CHAMARTÍN,2017-04-01,144043
BARAJAS,2017-04-01,47305
SALAMANCA,2017-04-01,143920
CIUDAD LINEAL,2017-04-01,213416
ARGANZUELA,2017-04-01,152195
CHAMBERÍ,2017-04-01,137640
RETIRO,2017-04-01,118618
FUENCARRAL - EL PARDO,2017-05-01,240994
CENTRO,2017-05-01,131745
ARGANZUELA,2017-05-01,152438
MORATALAZ,2017-05-01,94419
VILLAVERDE,2017-05-01,144166
PUENTE DE VALLECAS,2017-05-01,228916
CHAMARTÍN,2017-05-01,144276
USERA,2017-05-01,136021
VILLA DE VALLECAS,2017-05-01,105996
LATINA,2017-05-01,234994
BARAJAS,2017-05-01,47461
SALAMANCA,2017-05-01,144147
CIUDAD LINEAL,2017-05-01,213921
HORTALEZA,2017-05-01,182176
SAN BLAS-CANILLEJAS,2017-05-01,155624
TETUÁN,2017-05-01,154838
CARABANCHEL,2017-05-01,246175
MONCLOA - ARAVACA,2017-05-01,117213
CHAMBERÍ,2017-05-01,137820
RETIRO,2017-05-01,118691
VICÁLVARO,2017-05-01,70649
TETUÁN,2017-06-01,155181
VILLAVERDE,2017-06-01,144529
SALAMANCA,2017-06-01,144424
CARABANCHEL,2017-06-01,246800
PUENTE DE VALLECAS,2017-06-01,229366
CENTRO,2017-06-01,131898
HORTALEZA,2017-06-01,182358
RETIRO,2017-06-01,118757
LATINA,2017-06-01,235277
BARAJAS,2017-06-01,47586
VICÁLVARO,2017-06-01,70711
CHAMARTÍN,2017-06-01,144466
MORATALAZ,2017-06-01,94468
SAN BLAS-CANILLEJAS,2017-06-01,155842
VILLA DE VALLECAS,2017-06-01,106331
MONCLOA - ARAVACA,2017-06-01,117362
FUENCARRAL - EL PARDO,2017-06-01,241384
CHAMBERÍ,2017-06-01,137958
ARGANZUELA,2017-06-01,152588
USERA,2017-06-01,136287
CIUDAD LINEAL,2017-06-01,214273
CHAMBERÍ,2017-07-01,137779
TETUÁN,2017-07-01,154913
CENTRO,2017-07-01,131497
LATINA,2017-07-01,235095
PUENTE DE VALLECAS,2017-07-01,229066
BARAJAS,2017-07-01,47590
CARABANCHEL,2017-07-01,246516
MONCLOA - ARAVACA,2017-07-01,117236
CHAMARTÍN,2017-07-01,144322
USERA,2017-07-01,136134
VILLA DE VALLECAS,2017-07-01,106544
VILLAVERDE,2017-07-01,144495
MORATALAZ,2017-07-01,94436
SAN BLAS-CANILLEJAS,2017-07-01,155720
SALAMANCA,2017-07-01,143931
HORTALEZA,2017-07-01,182437
CIUDAD LINEAL,2017-07-01,214257
ARGANZUELA,2017-07-01,152540
RETIRO,2017-07-01,118643
FUENCARRAL - EL PARDO,2017-07-01,241528
VICÁLVARO,2017-07-01,70711
LATINA,2017-08-01,235208
TETUÁN,2017-08-01,155135
RETIRO,2017-08-01,118774
VILLAVERDE,2017-08-01,144855
CHAMARTÍN,2017-08-01,144510
VICÁLVARO,2017-08-01,70820
MORATALAZ,2017-08-01,94530
USERA,2017-08-01,136361
FUENCARRAL - EL PARDO,2017-08-01,241854
ARGANZUELA,2017-08-01,152491
CIUDAD LINEAL,2017-08-01,214479
VILLA DE VALLECAS,2017-08-01,106854
CHAMBERÍ,2017-08-01,137950
MONCLOA - ARAVACA,2017-08-01,117357
SAN BLAS-CANILLEJAS,2017-08-01,155840
CENTRO,2017-08-01,131467
HORTALEZA,2017-08-01,182778
SALAMANCA,2017-08-01,144184
CARABANCHEL,2017-08-01,246992
BARAJAS,2017-08-01,47624
PUENTE DE VALLECAS,2017-08-01,229431
CENTRO,2017-09-01,132035
BARAJAS,2017-09-01,47760
USERA,2017-09-01,136831
VILLA DE VALLECAS,2017-09-01,107186
SALAMANCA,2017-09-01,144751
ARGANZUELA,2017-09-01,152732
CARABANCHEL,2017-09-01,247557
CIUDAD LINEAL,2017-09-01,214758
VICÁLVARO,2017-09-01,70956
FUENCARRAL - EL PARDO,2017-09-01,242455
MORATALAZ,2017-09-01,94646
PUENTE DE VALLECAS,2017-09-01,230101
CHAMBERÍ,2017-09-01,138250
HORTALEZA,2017-09-01,183276
CHAMARTÍN,2017-09-01,144950
SAN BLAS-CANILLEJAS,2017-09-01,156251
LATINA,2017-09-01,235682
RETIRO,2017-09-01,118965
TETUÁN,2017-09-01,155566
MONCLOA - ARAVACA,2017-09-01,117667
VILLAVERDE,2017-09-01,145357
MORATALAZ,2017-10-01,94634
SALAMANCA,2017-10-01,145421
BARAJAS,2017-10-01,47760
LATINA,2017-10-01,236119
MONCLOA - ARAVACA,2017-10-01,118055
CIUDAD LINEAL,2017-10-01,215259
VICÁLVARO,2017-10-01,71109
CHAMARTÍN,2017-10-01,145241
VILLA DE VALLECAS,2017-10-01,107554
PUENTE DE VALLECAS,2017-10-01,230837
CARABANCHEL,2017-10-01,248398
ARGANZUELA,2017-10-01,153160
CENTRO,2017-10-01,132744
TETUÁN,2017-10-01,156235
HORTALEZA,2017-10-01,183663
RETIRO,2017-10-01,119209
VILLAVERDE,2017-10-01,145791
FUENCARRAL - EL PARDO,2017-10-01,243157
CHAMBERÍ,2017-10-01,138697
SAN BLAS-CANILLEJAS,2017-10-01,156569
USERA,2017-10-01,137158
CHAMBERÍ,2017-11-01,138668
VICÁLVARO,2017-11-01,71097
FUENCARRAL - EL PARDO,2017-11-01,243261
HORTALEZA,2017-11-01,183876
SAN BLAS-CANILLEJAS,2017-11-01,156407
ARGANZUELA,2017-11-01,153040
VILLAVERDE,2017-11-01,145792
RETIRO,2017-11-01,119198
SALAMANCA,2017-11-01,145564
CIUDAD LINEAL,2017-11-01,214973
PUENTE DE VALLECAS,2017-11-01,230804
BARAJAS,2017-11-01,47861
USERA,2017-11-01,137074
MORATALAZ,2017-11-01,94561
MONCLOA - ARAVACA,2017-11-01,118194
CARABANCHEL,2017-11-01,248431
CENTRO,2017-11-01,132619
TETUÁN,2017-11-01,156215
VILLA DE VALLECAS,2017-11-01,107615
CHAMARTÍN,2017-11-01,145209
LATINA,2017-11-01,236049
MONCLOA - ARAVACA,2017-12-01,118223
SAN BLAS-CANILLEJAS,2017-12-01,156635
CHAMBERÍ,2017-12-01,138842
CHAMARTÍN,2017-12-01,145344
LATINA,2017-12-01,236452
TETUÁN,2017-12-01,156470
ARGANZUELA,2017-12-01,153347
VILLAVERDE,2017-12-01,145993
MORATALAZ,2017-12-01,94521
CIUDAD LINEAL,2017-12-01,215100
SALAMANCA,2017-12-01,145692
CENTRO,2017-12-01,132781
FUENCARRAL - EL PARDO,2017-12-01,243552
HORTALEZA,2017-12-01,184334
BARAJAS,2017-12-01,47919
USERA,2017-12-01,137412
VILLA DE VALLECAS,2017-12-01,107860
VICÁLVARO,2017-12-01,71120
RETIRO,2017-12-01,119349
PUENTE DE VALLECAS,2017-12-01,231175
CARABANCHEL,2017-12-01,248941
CARABANCHEL,2018-01-01,249478
VILLA DE VALLECAS,2018-01-01,108127
FUENCARRAL - EL PARDO,2018-01-01,244130
RETIRO,2018-01-01,119514
VILLAVERDE,2018-01-01,146218
USERA,2018-01-01,137611
HORTALEZA,2018-01-01,184856
LATINA,2018-01-01,236916
CENTRO,2018-01-01,132808
MORATALAZ,2018-01-01,94570
CHAMBERÍ,2018-01-01,139056
CHAMARTÍN,2018-01-01,145564
CIUDAD LINEAL,2018-01-01,215392
PUENTE DE VALLECAS,2018-01-01,231524
TETUÁN,2018-01-01,156665
MONCLOA - ARAVACA,2018-01-01,118431
VICÁLVARO,2018-01-01,71230
SAN BLAS-CANILLEJAS,2018-01-01,156983
ARGANZUELA,2018-01-01,153438
BARAJAS,2018-01-01,48078
SALAMANCA,2018-01-01,145815
RETIRO,2018-02-01,119516
USERA,2018-02-01,137951
PUENTE DE VALLECAS,2018-02-01,232104
TETUÁN,2018-02-01,156869
SAN BLAS-CANILLEJAS,2018-02-01,157219
CHAMBERÍ,2018-02-01,139112
VILLA DE VALLECAS,2018-02-01,108354
CHAMARTÍN,2018-02-01,145564
CENTRO,2018-02-01,132888
FUENCARRAL - EL PARDO,2018-02-01,244467
MORATALAZ,2018-02-01,94648
BARAJAS,2018-02-01,48196
CARABANCHEL,2018-02-01,249943
HORTALEZA,2018-02-01,185151
CIUDAD LINEAL,2018-02-01,215563
LATINA,2018-02-01,237110
ARGANZUELA,2018-02-01,153531
VILLAVERDE,2018-02-01,146831
SALAMANCA,2018-02-01,145893
VICÁLVARO,2018-02-01,71305
MONCLOA - ARAVACA,2018-02-01,118501
SALAMANCA,2018-03-01,145471
RETIRO,2018-03-01,119375
VILLA DE VALLECAS,2018-03-01,108506
TETUÁN,2018-03-01,156596
ARGANZUELA,2018-03-01,153340
CENTRO,2018-03-01,132284
CIUDAD LINEAL,2018-03-01,215520
PUENTE DE VALLECAS,2018-03-01,231815
MONCLOA - ARAVACA,2018-03-01,118395
CHAMARTÍN,2018-03-01,145380
MORATALAZ,2018-03-01,94631
BARAJAS,2018-03-01,48311
FUENCARRAL - EL PARDO,2018-03-01,244477
VICÁLVARO,2018-03-01,71262
CHAMBERÍ,2018-03-01,138877
VILLAVERDE,2018-03-01,146864
USERA,2018-03-01,137838
LATINA,2018-03-01,236798
HORTALEZA,2018-03-01,185275
CARABANCHEL,2018-03-01,249673
SAN BLAS-CANILLEJAS,2018-03-01,157159
FUENCARRAL - EL PARDO,2018-04-01,244943
PUENTE DE VALLECAS,2018-04-01,232763
VILLAVERDE,2018-04-01,147453
HORTALEZA,2018-04-01,185902
CIUDAD LINEAL,2018-04-01,215892
USERA,2018-04-01,138325
MORATALAZ,2018-04-01,94781
TETUÁN,2018-04-01,156940
RETIRO,2018-04-01,119455
CHAMARTÍN,2018-04-01,145628
SAN BLAS-CANILLEJAS,2018-04-01,157715
MONCLOA - ARAVACA,2018-04-01,118598
SALAMANCA,2018-04-01,145678
CHAMBERÍ,2018-04-01,139075
ARGANZUELA,2018-04-01,153707
VILLA DE VALLECAS,2018-04-01,108898
CENTRO,2018-04-01,132530
CARABANCHEL,2018-04-01,250607
LATINA,2018-04-01,237374
BARAJAS,2018-04-01,48482
VICÁLVARO,2018-04-01,71469
MONCLOA - ARAVACA,2018-05-01,118605
FUENCARRAL - EL PARDO,2018-05-01,244883
CARABANCHEL,2018-05-01,250552
CHAMBERÍ,2018-05-01,138881
SAN BLAS-CANILLEJAS,2018-05-01,157600
RETIRO,2018-05-01,119333
VICÁLVARO,2018-05-01,71487
ARGANZUELA,2018-05-01,153425
PUENTE DE VALLECAS,2018-05-01,232826
MORATALAZ,2018-05-01,94809
VILLA DE VALLECAS,2018-05-01,109036
USERA,2018-05-01,138366
VILLAVERDE,2018-05-01,147468
HORTALEZA,2018-05-01,186031
TETUÁN,2018-05-01,156734
LATINA,2018-05-01,237207
SALAMANCA,2018-05-01,145470
CHAMARTÍN,2018-05-01,145570
CIUDAD LINEAL,2018-05-01,215859
CENTRO,2018-05-01,132190
BARAJAS,2018-05-01,48546
CHAMBERÍ,2018-06-01,138713
CENTRO,2018-06-01,131884
MONCLOA - ARAVACA,2018-06-01,118692
SAN BLAS-CANILLEJAS,2018-06-01,157541
ARGANZUELA,2018-06-01,153415
VILLA DE VALLECAS,2018-06-01,109159
LATINA,2018-06-01,237083
USERA,2018-06-01,138504
CARABANCHEL,2018-06-01,250671
CHAMARTÍN,2018-06-01,145430
TETUÁN,2018-06-01,156703
VICÁLVARO,2018-06-01,71417
CIUDAD LINEAL,2018-06-01,215684
VILLAVERDE,2018-06-01,147566
HORTALEZA,2018-06-01,186096
SALAMANCA,2018-06-01,145304
FUENCARRAL - EL PARDO,2018-06-01,244993
PUENTE DE VALLECAS,2018-06-01,232904
RETIRO,2018-06-01,119261
MORATALAZ,2018-06-01,94686
BARAJAS,2018-06-01,48497
CARABANCHEL,2018-07-01,251087
VICÁLVARO,2018-07-01,71448
BARAJAS,2018-07-01,48611
SALAMANCA,2018-07-01,145428
CIUDAD LINEAL,2018-07-01,215909
VILLA DE VALLECAS,2018-07-01,109385
LATINA,2018-07-01,237342
ARGANZUELA,2018-07-01,153518
MORATALAZ,2018-07-01,94690
VILLAVERDE,2018-07-01,147798
HORTALEZA,2018-07-01,186457
PUENTE DE VALLECAS,2018-07-01,233380
FUENCARRAL - EL PARDO,2018-07-01,245505
RETIRO,2018-07-01,119213
TETUÁN,2018-07-01,156969
CHAMARTÍN,2018-07-01,145564
MONCLOA - ARAVACA,2018-07-01,118761
CENTRO,2018-07-01,131964
SAN BLAS-CANILLEJAS,2018-07-01,157805
CHAMBERÍ,2018-07-01,138837
USERA,2018-07-01,138635
TETUÁN,2018-08-01,157186
MORATALAZ,2018-08-01,94698
RETIRO,2018-08-01,119287
SAN BLAS-CANILLEJAS,2018-08-01,157971
PUENTE DE VALLECAS,2018-08-01,233797
USERA,2018-08-01,138890
SALAMANCA,2018-08-01,145630
VILLAVERDE,2018-08-01,148071
VICÁLVARO,2018-08-01,71673
VILLA DE VALLECAS,2018-08-01,109710
MONCLOA - ARAVACA,2018-08-01,118748
CARABANCHEL,2018-08-01,251748
CHAMARTÍN,2018-08-01,145615
FUENCARRAL - EL PARDO,2018-08-01,245705
LATINA,2018-08-01,237630
CHAMBERÍ,2018-08-01,138922
BARAJAS,2018-08-01,48699
HORTALEZA,2018-08-01,186928
CENTRO,2018-08-01,132244
ARGANZUELA,2018-08-01,153561
CIUDAD LINEAL,2018-08-01,216205
PUENTE DE VALLECAS,2018-09-01,234244
CHAMARTÍN,2018-09-01,145762
VILLAVERDE,2018-09-01,148300
SAN BLAS-CANILLEJAS,2018-09-01,158152
FUENCARRAL - EL PARDO,2018-09-01,246064
ARGANZUELA,2018-09-01,153643
LATINA,2018-09-01,237755
SALAMANCA,2018-09-01,145893
MORATALAZ,2018-09-01,94667
RETIRO,2018-09-01,119473
USERA,2018-09-01,139013
VICÁLVARO,2018-09-01,71741
CENTRO,2018-09-01,132501
CARABANCHEL,2018-09-01,252216
HORTALEZA,2018-09-01,187411
BARAJAS,2018-09-01,48796
CIUDAD LINEAL,2018-09-01,216199
VILLA DE VALLECAS,2018-09-01,109935
TETUÁN,2018-09-01,157318
CHAMBERÍ,2018-09-01,139252
MONCLOA - ARAVACA,2018-09-01,118937
RETIRO,2018-10-01,119600
FUENCARRAL - EL PARDO,2018-10-01,246357
HORTALEZA,2018-10-01,187885
PUENTE DE VALLECAS,2018-10-01,234482
ARGANZUELA,2018-10-01,153780
CHAMARTÍN,2018-10-01,145931
TETUÁN,2018-10-01,157652
SAN BLAS-CANILLEJAS,2018-10-01,158257
USERA,2018-10-01,139313
MONCLOA - ARAVACA,2018-10-01,119350
SALAMANCA,2018-10-01,146375
CIUDAD LINEAL,2018-10-01,216441
VILLA DE VALLECAS,2018-10-01,110088
CARABANCHEL,2018-10-01,252673
VICÁLVARO,2018-10-01,71885
MORATALAZ,2018-10-01,94755
VILLAVERDE,2018-10-01,148349
BARAJAS,2018-10-01,48885
CENTRO,2018-10-01,133461
CHAMBERÍ,2018-10-01,139563
LATINA,2018-10-01,238028
LATINA,2018-11-01,238626
MORATALAZ,2018-11-01,94854
USERA,2018-11-01,139760
TETUÁN,2018-11-01,158329
CHAMARTÍN,2018-11-01,146178
BARAJAS,2018-11-01,49071
VILLA DE VALLECAS,2018-11-01,110458
CIUDAD LINEAL,2018-11-01,216816
PUENTE DE VALLECAS,2018-11-01,235107
ARGANZUELA,2018-11-01,154204
CENTRO,2018-11-01,134742
HORTALEZA,2018-11-01,188526
SALAMANCA,2018-11-01,146720
MONCLOA - ARAVACA,2018-11-01,119690
FUENCARRAL - EL PARDO,2018-11-01,246697
CARABANCHEL,2018-11-01,253433
VICÁLVARO,2018-11-01,72112
CHAMBERÍ,2018-11-01,139920
SAN BLAS-CANILLEJAS,2018-11-01,158571
RETIRO,2018-11-01,119704
VILLAVERDE,2018-11-01,149004
VILLAVERDE,2018-12-01,149277
CHAMARTÍN,2018-12-01,146231
FUENCARRAL - EL PARDO,2018-12-01,246640
TETUÁN,2018-12-01,158494
CHAMBERÍ,2018-12-01,139914
BARAJAS,2018-12-01,49070
LATINA,2018-12-01,238901
VICÁLVARO,2018-12-01,72294
MORATALAZ,2018-12-01,94818
CARABANCHEL,2018-12-01,253797
VILLA DE VALLECAS,2018-12-01,110643
CIUDAD LINEAL,2018-12-01,216861
MONCLOA - ARAVACA,2018-12-01,119789
SAN BLAS-CANILLEJAS,2018-12-01,158602
USERA,2018-12-01,139909
CENTRO,2018-12-01,135314
HORTALEZA,2018-12-01,188694
PUENTE DE VALLECAS,2018-12-01,235418
RETIRO,2018-12-01,119687
SALAMANCA,2018-12-01,146578
ARGANZUELA,2018-12-01,154264
VICÁLVARO,2019-01-01,72588
CIUDAD LINEAL,2019-01-01,217060
MORATALAZ,2019-01-01,94900
BARAJAS,2019-01-01,49167
CENTRO,2019-01-01,135818
SAN BLAS-CANILLEJAS,2019-01-01,158637
VILLA DE VALLECAS,2019-01-01,110950
MONCLOA - ARAVACA,2019-01-01,119776
PUENTE DE VALLECAS,2019-01-01,235645
RETIRO,2019-01-01,119753
TETUÁN,2019-01-01,158367
LATINA,2019-01-01,238706
CHAMBERÍ,2019-01-01,139797
VILLAVERDE,2019-01-01,149478
FUENCARRAL - EL PARDO,2019-01-01,246822
SALAMANCA,2019-01-01,146483
HORTALEZA,2019-01-01,189068
CHAMARTÍN,2019-01-01,146317
CARABANCHEL,2019-01-01,253873
USERA,2019-01-01,139809
ARGANZUELA,2019-01-01,154376
BARAJAS,2019-02-01,49159
LATINA,2019-02-01,238827
USERA,2019-02-01,139913
PUENTE DE VALLECAS,2019-02-01,236005
VILLA DE VALLECAS,2019-02-01,111148
ARGANZUELA,2019-02-01,154398
CARABANCHEL,2019-02-01,254053
CENTRO,2019-02-01,136370
SALAMANCA,2019-02-01,146501
MORATALAZ,2019-02-01,94989
VICÁLVARO,2019-02-01,72672
MONCLOA - ARAVACA,2019-02-01,119768
RETIRO,2019-02-01,119795
VILLAVERDE,2019-02-01,149785
TETUÁN,2019-02-01,158273
CHAMBERÍ,2019-02-01,139720
FUENCARRAL - EL PARDO,2019-02-01,246821
HORTALEZA,2019-02-01,189186
CHAMARTÍN,2019-02-01,146366
CIUDAD LINEAL,2019-02-01,217057
SAN BLAS-CANILLEJAS,2019-02-01,158582
SALAMANCA,2019-03-01,146585
VILLA DE VALLECAS,2019-03-01,111366
CIUDAD LINEAL,2019-03-01,217149
VILLAVERDE,2019-03-01,150041
CARABANCHEL,2019-03-01,254475
MONCLOA - ARAVACA,2019-03-01,119869
USERA,2019-03-01,140176
ARGANZUELA,2019-03-01,154424
HORTALEZA,2019-03-01,189592
CHAMARTÍN,2019-03-01,146545
CHAMBERÍ,2019-03-01,139799
TETUÁN,2019-03-01,158488
RETIRO,2019-03-01,119859
CENTRO,2019-03-01,136689
MORATALAZ,2019-03-01,95013
BARAJAS,2019-03-01,49273
LATINA,2019-03-01,238959
PUENTE DE VALLECAS,2019-03-01,236324
SAN BLAS-CANILLEJAS,2019-03-01,158641
FUENCARRAL - EL PARDO,2019-03-01,247005
VICÁLVARO,2019-03-01,72839
BARAJAS,2019-04-01,49393
CARABANCHEL,2019-04-01,255226
PUENTE DE VALLECAS,2019-04-01,237017
RETIRO,2019-04-01,119926
USERA,2019-04-01,140710
FUENCARRAL - EL PARDO,2019-04-01,247413
VICÁLVARO,2019-04-01,72964
HORTALEZA,2019-04-01,190130
VILLA DE VALLECAS,2019-04-01,111649
CENTRO,2019-04-01,137136
CIUDAD LINEAL,2019-04-01,217642
ARGANZUELA,2019-04-01,154595
CHAMARTÍN,2019-04-01,146761
TETUÁN,2019-04-01,158956
MORATALAZ,2019-04-01,95177
LATINA,2019-04-01,239578
SALAMANCA,2019-04-01,146667
SAN BLAS-CANILLEJAS,2019-04-01,158959
MONCLOA - ARAVACA,2019-04-01,120025
CHAMBERÍ,2019-04-01,139861
VILLAVERDE,2019-04-01,150563
SALAMANCA,2019-05-01,146829
BARAJAS,2019-05-01,49526
HORTALEZA,2019-05-01,190667
RETIRO,2019-05-01,120098
MORATALAZ,2019-05-01,95288
CHAMBERÍ,2019-05-01,139971
CENTRO,2019-05-01,137860
SAN BLAS-CANILLEJAS,2019-05-01,159448
FUENCARRAL - EL PARDO,2019-05-01,247964
TETUÁN,2019-05-01,159267
CHAMARTÍN,2019-05-01,147061
VICÁLVARO,2019-05-01,73091
VILLA DE VALLECAS,2019-05-01,112104
LATINA,2019-05-01,240246
USERA,2019-05-01,141151
CIUDAD LINEAL,2019-05-01,218112
PUENTE DE VALLECAS,2019-05-01,237766
VILLAVERDE,2019-05-01,151279
ARGANZUELA,2019-05-01,154847
CARABANCHEL,2019-05-01,256206
MONCLOA - ARAVACA,2019-05-01,120234
CARABANCHEL,2019-06-01,257117
CIUDAD LINEAL,2019-06-01,218722
VILLAVERDE,2019-06-01,151859
VICÁLVARO,2019-06-01,73298
SAN BLAS-CANILLEJAS,2019-06-01,159960
HORTALEZA,2019-06-01,191331
FUENCARRAL - EL PARDO,2019-06-01,248584
BARAJAS,2019-06-01,49647
CHAMBERÍ,2019-06-01,140132
CENTRO,2019-06-01,138552
VILLA DE VALLECAS,2019-06-01,112730
USERA,2019-06-01,141646
ARGANZUELA,2019-06-01,155152
MONCLOA - ARAVACA,2019-06-01,120548
TETUÁN,2019-06-01,159852
MORATALAZ,2019-06-01,95537
PUENTE DE VALLECAS,2019-06-01,238572
LATINA,2019-06-01,240814
RETIRO,2019-06-01,120157
SALAMANCA,2019-06-01,147016
CHAMARTÍN,2019-06-01,147242
CHAMARTÍN,2019-07-01,147435
TETUÁN,2019-07-01,160421
FUENCARRAL - EL PARDO,2019-07-01,249159
PUENTE DE VALLECAS,2019-07-01,239258
USERA,2019-07-01,141944
CARABANCHEL,2019-07-01,257817
VILLAVERDE,2019-07-01,152315
SALAMANCA,2019-07-01,147273
VILLA DE VALLECAS,2019-07-01,113122
MONCLOA - ARAVACA,2019-07-01,120849
RETIRO,2019-07-01,120239
CHAMBERÍ,2019-07-01,140289
MORATALAZ,2019-07-01,95700
CENTRO,2019-07-01,139037
LATINA,2019-07-01,241165
CIUDAD LINEAL,2019-07-01,219160
BARAJAS,2019-07-01,49764
ARGANZUELA,2019-07-01,155377
VICÁLVARO,2019-07-01,73505
HORTALEZA,2019-07-01,192016
SAN BLAS-CANILLEJAS,2019-07-01,160382
USERA,2019-08-01,142481
CHAMBERÍ,2019-08-01,140510
VILLAVERDE,2019-08-01,152920
ARGANZUELA,2019-08-01,155644
HORTALEZA,2019-08-01,192547
CENTRO,2019-08-01,139577
CHAMARTÍN,2019-08-01,147654
TETUÁN,2019-08-01,160888
SALAMANCA,2019-08-01,147562
VILLA DE VALLECAS,2019-08-01,113480
FUENCARRAL - EL PARDO,2019-08-01,249411
RETIRO,2019-08-01,120465
PUENTE DE VALLECAS,2019-08-01,240079
CARABANCHEL,2019-08-01,258696
CIUDAD LINEAL,2019-08-01,219682
SAN BLAS-CANILLEJAS,2019-08-01,160878
VICÁLVARO,2019-08-01,73683
MONCLOA - ARAVACA,2019-08-01,121032
BARAJAS,2019-08-01,49855
MORATALAZ,2019-08-01,95825
LATINA,2019-08-01,241752
VILLA DE VALLECAS,2019-09-01,113687
CIUDAD LINEAL,2019-09-01,219383
CARABANCHEL,2019-09-01,258307
SALAMANCA,2019-09-01,147362
MONCLOA - ARAVACA,2019-09-01,121172
SAN BLAS-CANILLEJAS,2019-09-01,160904
MORATALAZ,2019-09-01,95761
VILLAVERDE,2019-09-01,152873
CHAMBERÍ,2019-09-01,140531
CHAMARTÍN,2019-09-01,147508
LATINA,2019-09-01,241458
BARAJAS,2019-09-01,49966
VICÁLVARO,2019-09-01,73800
HORTALEZA,2019-09-01,192884
CENTRO,2019-09-01,139044
RETIRO,2019-09-01,120437
FUENCARRAL - EL PARDO,2019-09-01,249520
USERA,2019-09-01,142146
TETUÁN,2019-09-01,160789
ARGANZUELA,2019-09-01,155429
PUENTE DE VALLECAS,2019-09-01,239607
FUENCARRAL - EL PARDO,2019-10-01,250082
CHAMBERÍ,2019-10-01,141128
VICÁLVARO,2019-10-01,74079
SAN BLAS-CANILLEJAS,2019-10-01,161304
MONCLOA - ARAVACA,2019-10-01,121742
CARABANCHEL,2019-10-01,259544
VILLAVERDE,2019-10-01,153712
RETIRO,2019-10-01,120668
CHAMARTÍN,2019-10-01,147816
BARAJAS,2019-10-01,50070
SALAMANCA,2019-10-01,148077
LATINA,2019-10-01,242054
MORATALAZ,2019-10-01,95831
HORTALEZA,2019-10-01,193389
TETUÁN,2019-10-01,161541
PUENTE DE VALLECAS,2019-10-01,240526
ARGANZUELA,2019-10-01,155852
CENTRO,2019-10-01,140293
CIUDAD LINEAL,2019-10-01,219761
USERA,2019-10-01,142555
VILLA DE VALLECAS,2019-10-01,114265
TETUÁN,2019-11-01,161909
LATINA,2019-11-01,242569
VICÁLVARO,2019-11-01,74172
SAN BLAS-CANILLEJAS,2019-11-01,161583
RETIRO,2019-11-01,120816
CENTRO,2019-11-01,140860
MORATALAZ,2019-11-01,95902
FUENCARRAL - EL PARDO,2019-11-01,250487
USERA,2019-11-01,143042
HORTALEZA,2019-11-01,193730
BARAJAS,2019-11-01,50142
CHAMARTÍN,2019-11-01,147966
VILLA DE VALLECAS,2019-11-01,114632
SALAMANCA,2019-11-01,148349
CARABANCHEL,2019-11-01,260418
ARGANZUELA,2019-11-01,156068
CHAMBERÍ,2019-11-01,141327
MONCLOA - ARAVACA,2019-11-01,122057
PUENTE DE VALLECAS,2019-11-01,241264
CIUDAD LINEAL,2019-11-01,220431
VILLAVERDE,2019-11-01,154292
SALAMANCA,2019-12-01,148405
MORATALAZ,2019-12-01,95907
VILLA DE VALLECAS,2019-12-01,114832
SAN BLAS-CANILLEJAS,2019-12-01,161672
MONCLOA - ARAVACA,2019-12-01,122164
CIUDAD LINEAL,2019-12-01,220598
RETIRO,2019-12-01,120873
VICÁLVARO,2019-12-01,74235
ARGANZUELA,2019-12-01,156176
USERA,2019-12-01,143365
PUENTE DE VALLECAS,2019-12-01,241666
VILLAVERDE,2019-12-01,154915
CHAMBERÍ,2019-12-01,141397
BARAJAS,2019-12-01,50158
CHAMARTÍN,2019-12-01,148039
CARABANCHEL,2019-12-01,261118
TETUÁN,2019-12-01,161991
LATINA,2019-12-01,242923
FUENCARRAL - EL PARDO,2019-12-01,250636
CENTRO,2019-12-01,140991
HORTALEZA,2019-12-01,193833
TETUÁN,2020-01-01,161946
CHAMARTÍN,2020-01-01,148137
SAN BLAS-CANILLEJAS,2020-01-01,161890
CIUDAD LINEAL,2020-01-01,220803
CHAMBERÍ,2020-01-01,141384
FUENCARRAL - EL PARDO,2020-01-01,250891
SALAMANCA,2020-01-01,148264
USERA,2020-01-01,143371
RETIRO,2020-01-01,120856
CENTRO,2020-01-01,140790
CARABANCHEL,2020-01-01,261480
PUENTE DE VALLECAS,2020-01-01,241965
BARAJAS,2020-01-01,50269
VICÁLVARO,2020-01-01,74419
HORTALEZA,2020-01-01,194203
MONCLOA - ARAVACA,2020-01-01,122214
LATINA,2020-01-01,243313
VILLAVERDE,2020-01-01,155208
MORATALAZ,2020-01-01,95728
VILLA DE VALLECAS,2020-01-01,115173
ARGANZUELA,2020-01-01,156232
MORATALAZ,2020-02-01,95788
VILLA DE VALLECAS,2020-02-01,115398
VICÁLVARO,2020-02-01,74553
ARGANZUELA,2020-02-01,156460
HORTALEZA,2020-02-01,194490
CIUDAD LINEAL,2020-02-01,220964
PUENTE DE VALLECAS,2020-02-01,242675
RETIRO,2020-02-01,120837
MONCLOA - ARAVACA,2020-02-01,122385
FUENCARRAL - EL PARDO,2020-02-01,251179
CHAMARTÍN,2020-02-01,148107
USERA,2020-02-01,143744
SALAMANCA,2020-02-01,148391
SAN BLAS-CANILLEJAS,2020-02-01,162242
CENTRO,2020-02-01,141170
CARABANCHEL,2020-02-01,262019
CHAMBERÍ,2020-02-01,141513
TETUÁN,2020-02-01,162295
LATINA,2020-02-01,243609
BARAJAS,2020-02-01,50295
VILLAVERDE,2020-02-01,155665
MONCLOA - ARAVACA,2020-03-01,122254
USERA,2020-03-01,143687
ARGANZUELA,2020-03-01,156417
MORATALAZ,2020-03-01,95768
LATINA,2020-03-01,243563
CHAMBERÍ,2020-03-01,141416
PUENTE DE VALLECAS,2020-03-01,242732
RETIRO,2020-03-01,120759
CHAMARTÍN,2020-03-01,148060
CIUDAD LINEAL,2020-03-01,220916
CARABANCHEL,2020-03-01,262007
CENTRO,2020-03-01,141118
TETUÁN,2020-03-01,162254
VILLA DE VALLECAS,2020-03-01,115375
SALAMANCA,2020-03-01,148305
VILLAVERDE,2020-03-01,155537
BARAJAS,2020-03-01,50286
VICÁLVARO,2020-03-01,74567
SAN BLAS-CANILLEJAS,2020-03-01,162083
HORTALEZA,2020-03-01,194498
FUENCARRAL - EL PARDO,2020-03-01,251116
TETUÁN,2020-04-01,162057
CHAMARTÍN,2020-04-01,147957
ARGANZUELA,2020-04-01,156309
VILLAVERDE,2020-04-01,155389
RETIRO,2020-04-01,120589
CHAMBERÍ,2020-04-01,141254
PUENTE DE VALLECAS,2020-04-01,242406
CENTRO,2020-04-01,140960
HORTALEZA,2020-04-01,194514
CARABANCHEL,2020-04-01,261610
USERA,2020-04-01,143490
MORATALAZ,2020-04-01,95592
BARAJAS,2020-04-01,50287
LATINA,2020-04-01,243214
FUENCARRAL - EL PARDO,2020-04-01,251063
VILLA DE VALLECAS,2020-04-01,115366
MONCLOA - ARAVACA,2020-04-01,122083
SALAMANCA,2020-04-01,148125
SAN BLAS-CANILLEJAS,2020-04-01,161915
VICÁLVARO,2020-04-01,74539
CIUDAD LINEAL,2020-04-01,220727
CHAMBERÍ,2020-05-01,141257
CENTRO,2020-05-01,141160
VILLAVERDE,2020-05-01,155556
USERA,2020-05-01,143644
BARAJAS,2020-05-01,50345
CIUDAD LINEAL,2020-05-01,220849
HORTALEZA,2020-05-01,194857
PUENTE DE VALLECAS,2020-05-01,242706
SALAMANCA,2020-05-01,148159
MONCLOA - ARAVACA,2020-05-01,122217
MORATALAZ,2020-05-01,95664
VICÁLVARO,2020-05-01,74636
FUENCARRAL - EL PARDO,2020-05-01,251382
ARGANZUELA,2020-05-01,156494
SAN BLAS-CANILLEJAS,2020-05-01,162058
RETIRO,2020-05-01,120669
VILLA DE VALLECAS,2020-05-01,115580
LATINA,2020-05-01,243397
CHAMARTÍN,2020-05-01,148043
CARABANCHEL,2020-05-01,261859
TETUÁN,2020-05-01,162204
TETUÁN,2020-06-01,161233
ARGANZUELA,2020-06-01,156010
LATINA,2020-06-01,242447
FUENCARRAL - EL PARDO,2020-06-01,250655
HORTALEZA,2020-06-01,194529
CARABANCHEL,2020-06-01,260801
VICÁLVARO,2020-06-01,74577
CHAMBERÍ,2020-06-01,140516
SAN BLAS-CANILLEJAS,2020-06-01,161696
VILLA DE VALLECAS,2020-06-01,115495
MONCLOA - ARAVACA,2020-06-01,121880
MORATALAZ,2020-06-01,95375
USERA,2020-06-01,143141
PUENTE DE VALLECAS,2020-06-01,241901
BARAJAS,2020-06-01,50320
CENTRO,2020-06-01,140360
CHAMARTÍN,2020-06-01,147483
SALAMANCA,2020-06-01,147349
RETIRO,2020-06-01,120238
VILLAVERDE,2020-06-01,155149
CIUDAD LINEAL,2020-06-01,220118
SALAMANCA,2020-07-01,147047
VILLA DE VALLECAS,2020-07-01,115229
CHAMARTÍN,2020-07-01,147291
LATINA,2020-07-01,242262
CENTRO,2020-07-01,140586
TETUÁN,2020-07-01,161169
ARGANZUELA,2020-07-01,155649
MORATALAZ,2020-07-01,95108
CIUDAD LINEAL,2020-07-01,219692
BARAJAS,2020-07-01,50237
CHAMBERÍ,2020-07-01,140262
RETIRO,2020-07-01,119970
MONCLOA - ARAVACA,2020-07-01,121630
VICÁLVARO,2020-07-01,74575
FUENCARRAL - EL PARDO,2020-07-01,250067
VILLAVERDE,2020-07-01,155277
SAN BLAS-CANILLEJAS,2020-07-01,161443
USERA,2020-07-01,143207
HORTALEZA,2020-07-01,194269
PUENTE DE VALLECAS,2020-07-01,241445
CARABANCHEL,2020-07-01,260777
HORTALEZA,2020-08-01,194231
ARGANZUELA,2020-08-01,155509
VILLA DE VALLECAS,2020-08-01,115288
FUENCARRAL - EL PARDO,2020-08-01,249875
MONCLOA - ARAVACA,2020-08-01,121487
BARAJAS,2020-08-01,50244
TETUÁN,2020-08-01,161278
VICÁLVARO,2020-08-01,74831
CHAMBERÍ,2020-08-01,140072
SAN BLAS-CANILLEJAS,2020-08-01,161320
MORATALAZ,2020-08-01,94985
VILLAVERDE,2020-08-01,155459
CENTRO,2020-08-01,140801
SALAMANCA,2020-08-01,146946
CHAMARTÍN,2020-08-01,147187
PUENTE DE VALLECAS,2020-08-01,241434
USERA,2020-08-01,143403
CARABANCHEL,2020-08-01,260830
LATINA,2020-08-01,242228
CIUDAD LINEAL,2020-08-01,219446
RETIRO,2020-08-01,119818
MONCLOA - ARAVACA,2020-09-01,121439
BARAJAS,2020-09-01,50228
VILLA DE VALLECAS,2020-09-01,115275
PUENTE DE VALLECAS,2020-09-01,240745
MORATALAZ,2020-09-01,94785
CHAMARTÍN,2020-09-01,146892
RETIRO,2020-09-01,119643
VICÁLVARO,2020-09-01,74971
SALAMANCA,2020-09-01,146626
LATINA,2020-09-01,241715
VILLAVERDE,2020-09-01,155390
CARABANCHEL,2020-09-01,260247
USERA,2020-09-01,143118
CENTRO,2020-09-01,140645
SAN BLAS-CANILLEJAS,2020-09-01,161233
CHAMBERÍ,2020-09-01,139930
TETUÁN,2020-09-01,160886
FUENCARRAL - EL PARDO,2020-09-01,249435
ARGANZUELA,2020-09-01,155498
CIUDAD LINEAL,2020-09-01,218960
HORTALEZA,2020-09-01,194140
ARGANZUELA,2020-10-01,155544
SALAMANCA,2020-10-01,146820
FUENCARRAL - EL PARDO,2020-10-01,249429
VICÁLVARO,2020-10-01,75299
SAN BLAS-CANILLEJAS,2020-10-01,161212
CARABANCHEL,2020-10-01,260436
MORATALAZ,2020-10-01,94696
TETUÁN,2020-10-01,160964
PUENTE DE VALLECAS,2020-10-01,240625
BARAJAS,2020-10-01,50324
RETIRO,2020-10-01,119634
HORTALEZA,2020-10-01,194030
USERA,2020-10-01,143289
CENTRO,2020-10-01,141534
CHAMBERÍ,2020-10-01,140018
CIUDAD LINEAL,2020-10-01,218730
VILLAVERDE,2020-10-01,155591
MONCLOA - ARAVACA,2020-10-01,121588
VILLA DE VALLECAS,2020-10-01,115387
LATINA,2020-10-01,241821
CHAMARTÍN,2020-10-01,146980
VILLA DE VALLECAS,2020-11-01,115299
LATINA,2020-11-01,241648
CHAMBERÍ,2020-11-01,139672
ARGANZUELA,2020-11-01,155287
CENTRO,2020-11-01,141943
RETIRO,2020-11-01,119284
BARAJAS,2020-11-01,50285
FUENCARRAL - EL PARDO,2020-11-01,248971
CIUDAD LINEAL,2020-11-01,218145
CHAMARTÍN,2020-11-01,146579
USERA,2020-11-01,143302
VILLAVERDE,2020-11-01,155578
SAN BLAS-CANILLEJAS,2020-11-01,161106
SALAMANCA,2020-11-01,146779
CARABANCHEL,2020-11-01,260148
MORATALAZ,2020-11-01,94462
MONCLOA - ARAVACA,2020-11-01,121518
HORTALEZA,2020-11-01,194125
VICÁLVARO,2020-11-01,75648
PUENTE DE VALLECAS,2020-11-01,240448
TETUÁN,2020-11-01,160823
CHAMBERÍ,2020-12-01,139391
CARABANCHEL,2020-12-01,259760
MORATALAZ,2020-12-01,94203
CENTRO,2020-12-01,142033
FUENCARRAL - EL PARDO,2020-12-01,248707
HORTALEZA,2020-12-01,193927
BARAJAS,2020-12-01,50271
SAN BLAS-CANILLEJAS,2020-12-01,160959
CIUDAD LINEAL,2020-12-01,217821
LATINA,2020-12-01,241375
RETIRO,2020-12-01,119092
PUENTE DE VALLECAS,2020-12-01,240075
ARGANZUELA,2020-12-01,154996
VICÁLVARO,2020-12-01,75734
VILLA DE VALLECAS,2020-12-01,115185
USERA,2020-12-01,143093
CHAMARTÍN,2020-12-01,146351
SALAMANCA,2020-12-01,146667
TETUÁN,2020-12-01,160621
VILLAVERDE,2020-12-01,155451
MONCLOA - ARAVACA,2020-12-01,121407
SAN BLAS-CANILLEJAS,2021-01-01,160738
VILLAVERDE,2021-01-01,155313
CHAMARTÍN,2021-01-01,146230
CHAMBERÍ,2021-01-01,139167
LATINA,2021-01-01,241013
MONCLOA - ARAVACA,2021-01-01,121339
ARGANZUELA,2021-01-01,154809
VILLA DE VALLECAS,2021-01-01,115062
HORTALEZA,2021-01-01,193789
CIUDAD LINEAL,2021-01-01,217622
BARAJAS,2021-01-01,50266
RETIRO,2021-01-01,119006
PUENTE DE VALLECAS,2021-01-01,239736
SALAMANCA,2021-01-01,146698
USERA,2021-01-01,142955
MORATALAZ,2021-01-01,94113
FUENCARRAL - EL PARDO,2021-01-01,248384
CENTRO,2021-01-01,142099
CARABANCHEL,2021-01-01,259535
VICÁLVARO,2021-01-01,75783
TETUÁN,2021-01-01,160390
CENTRO,2021-02-01,140659
CIUDAD LINEAL,2021-02-01,216123
BARAJAS,2021-02-01,50065
CHAMBERÍ,2021-02-01,137996
HORTALEZA,2021-02-01,192945
VILLAVERDE,2021-02-01,154141
MONCLOA - ARAVACA,2021-02-01,120714
RETIRO,2021-02-01,118387
PUENTE DE VALLECAS,2021-02-01,237967
VICÁLVARO,2021-02-01,75821
FUENCARRAL - EL PARDO,2021-02-01,247161
CARABANCHEL,2021-02-01,257390
SAN BLAS-CANILLEJAS,2021-02-01,160059
CHAMARTÍN,2021-02-01,145400
USERA,2021-02-01,141625
VILLA DE VALLECAS,2021-02-01,114685
TETUÁN,2021-02-01,158781
ARGANZUELA,2021-02-01,153974
LATINA,2021-02-01,239076
SALAMANCA,2021-02-01,145316
MORATALAZ,2021-02-01,93606
BARAJAS,2021-03-01,50101
MONCLOA - ARAVACA,2021-03-01,120895
TETUÁN,2021-03-01,159006
USERA,2021-03-01,141915
RETIRO,2021-03-01,118370
CENTRO,2021-03-01,141399
SAN BLAS-CANILLEJAS,2021-03-01,160148
HORTALEZA,2021-03-01,193263
PUENTE DE VALLECAS,2021-03-01,238227
CARABANCHEL,2021-03-01,257859
SALAMANCA,2021-03-01,145603
VILLAVERDE,2021-03-01,154504
LATINA,2021-03-01,239403
VILLA DE VALLECAS,2021-03-01,114705
FUENCARRAL - EL PARDO,2021-03-01,247434
MORATALAZ,2021-03-01,93590
ARGANZUELA,2021-03-01,153974
CHAMARTÍN,2021-03-01,145619
VICÁLVARO,2021-03-01,76186
CIUDAD LINEAL,2021-03-01,216385
CHAMBERÍ,2021-03-01,138095
TETUÁN,2021-04-01,158768
ARGANZUELA,2021-04-01,153871
VICÁLVARO,2021-04-01,76623
PUENTE DE VALLECAS,2021-04-01,238077
RETIRO,2021-04-01,118278
SAN BLAS-CANILLEJAS,2021-04-01,160281
FUENCARRAL - EL PARDO,2021-04-01,247501
MONCLOA - ARAVACA,2021-04-01,120837
VILLAVERDE,2021-04-01,154547
VILLA DE VALLECAS,2021-04-01,114815
LATINA,2021-04-01,239242
CARABANCHEL,2021-04-01,257507
BARAJAS,2021-04-01,50137
MORATALAZ,2021-04-01,93456
HORTALEZA,2021-04-01,193486
SALAMANCA,2021-04-01,145510
CHAMBERÍ,2021-04-01,137872
USERA,2021-04-01,141854
CENTRO,2021-04-01,141320
CHAMARTÍN,2021-04-01,145440
CIUDAD LINEAL,2021-04-01,216206
VICÁLVARO,2021-05-01,76886
ARGANZUELA,2021-05-01,153649
MORATALAZ,2021-05-01,93303
LATINA,2021-05-01,238671
CHAMARTÍN,2021-05-01,145181
FUENCARRAL - EL PARDO,2021-05-01,247166
CHAMBERÍ,2021-05-01,137622
PUENTE DE VALLECAS,2021-05-01,237262
BARAJAS,2021-05-01,50093
CENTRO,2021-05-01,141001
HORTALEZA,2021-05-01,193313
TETUÁN,2021-05-01,158331
SALAMANCA,2021-05-01,145241
USERA,2021-05-01,141538
SAN BLAS-CANILLEJAS,2021-05-01,160045
CARABANCHEL,2021-05-01,256840
MONCLOA - ARAVACA,2021-05-01,120743
VILLA DE VALLECAS,2021-05-01,114618
VILLAVERDE,2021-05-01,154263
CIUDAD LINEAL,2021-05-01,215615
RETIRO,2021-05-01,118036
VILLAVERDE,2021-06-01,154515
BARAJAS,2021-06-01,50185
TETUÁN,2021-06-01,158574
CENTRO,2021-06-01,141323
CARABANCHEL,2021-06-01,257350
USERA,2021-06-01,141689
ARGANZUELA,2021-06-01,153851
VILLA DE VALLECAS,2021-06-01,114839
VICÁLVARO,2021-06-01,77426
CHAMARTÍN,2021-06-01,145251
SAN BLAS-CANILLEJAS,2021-06-01,160032
MONCLOA - ARAVACA,2021-06-01,121032
MORATALAZ,2021-06-01,93232
LATINA,2021-06-01,238949
HORTALEZA,2021-06-01,193695
CIUDAD LINEAL,2021-06-01,215790
CHAMBERÍ,2021-06-01,137721
PUENTE DE VALLECAS,2021-06-01,237440
FUENCARRAL - EL PARDO,2021-06-01,247455
RETIRO,2021-06-01,118283
SALAMANCA,2021-06-01,145711
MORATALAZ,2021-07-01,93041
SAN BLAS-CANILLEJAS,2021-07-01,159795
RETIRO,2021-07-01,118246
CHAMBERÍ,2021-07-01,137793
CENTRO,2021-07-01,141470
CHAMARTÍN,2021-07-01,145049
VICÁLVARO,2021-07-01,77730
MONCLOA - ARAVACA,2021-07-01,121058
VILLAVERDE,2021-07-01,154466
TETUÁN,2021-07-01,158548
SALAMANCA,2021-07-01,145775
FUENCARRAL - EL PARDO,2021-07-01,247389
VILLA DE VALLECAS,2021-07-01,114898
LATINA,2021-07-01,238869
PUENTE DE VALLECAS,2021-07-01,237230
HORTALEZA,2021-07-01,193742
CARABANCHEL,2021-07-01,257170
BARAJAS,2021-07-01,50158
ARGANZUELA,2021-07-01,153797
CIUDAD LINEAL,2021-07-01,215557
USERA,2021-07-01,141584
VILLA DE VALLECAS,2021-08-01,115087
VICÁLVARO,2021-08-01,78134
CARABANCHEL,2021-08-01,257369
FUENCARRAL - EL PARDO,2021-08-01,247294
SAN BLAS-CANILLEJAS,2021-08-01,159874
PUENTE DE VALLECAS,2021-08-01,237444
CHAMARTÍN,2021-08-01,145013
BARAJAS,2021-08-01,50260
LATINA,2021-08-01,238857
SALAMANCA,2021-08-01,145952
MORATALAZ,2021-08-01,93054
CHAMBERÍ,2021-08-01,137891
CENTRO,2021-08-01,141615
HORTALEZA,2021-08-01,193909
TETUÁN,2021-08-01,158622
MONCLOA - ARAVACA,2021-08-01,121074
ARGANZUELA,2021-08-01,153886
VILLAVERDE,2021-08-01,154554
CIUDAD LINEAL,2021-08-01,215572
RETIRO,2021-08-01,118317
USERA,2021-08-01,141661
SAN BLAS-CANILLEJAS,2021-09-01,159577
CHAMBERÍ,2021-09-01,138086
CARABANCHEL,2021-09-01,257006
TETUÁN,2021-09-01,158505
CHAMARTÍN,2021-09-01,145078
ARGANZUELA,2021-09-01,153692
USERA,2021-09-01,141622
PUENTE DE VALLECAS,2021-09-01,237160
RETIRO,2021-09-01,118301
VILLA DE VALLECAS,2021-09-01,115175
FUENCARRAL - EL PARDO,2021-09-01,247243
LATINA,2021-09-01,238646
MORATALAZ,2021-09-01,92905
SALAMANCA,2021-09-01,146375
VICÁLVARO,2021-09-01,78409
CIUDAD LINEAL,2021-09-01,215284
HORTALEZA,2021-09-01,194117
CENTRO,2021-09-01,141512
MONCLOA - ARAVACA,2021-09-01,121073
VILLAVERDE,2021-09-01,154660
BARAJAS,2021-09-01,50275
USERA,2021-10-01,141463
RETIRO,2021-10-01,118386
BARAJAS,2021-10-01,50243
HORTALEZA,2021-10-01,194163
SALAMANCA,2021-10-01,146792
ARGANZUELA,2021-10-01,153725
PUENTE DE VALLECAS,2021-10-01,236794
CENTRO,2021-10-01,141959
VICÁLVARO,2021-10-01,78818
MORATALAZ,2021-10-01,92822
VILLA DE VALLECAS,2021-10-01,115221
CIUDAD LINEAL,2021-10-01,215115
LATINA,2021-10-01,238564
TETUÁN,2021-10-01,158610
FUENCARRAL - EL PARDO,2021-10-01,247306
VILLAVERDE,2021-10-01,154557
MONCLOA - ARAVACA,2021-10-01,121078
SAN BLAS-CANILLEJAS,2021-10-01,159653
CHAMARTÍN,2021-10-01,145275
CARABANCHEL,2021-10-01,256881
CHAMBERÍ,2021-10-01,138356
CIUDAD LINEAL,2021-11-01,215541
SAN BLAS-CANILLEJAS,2021-11-01,159985
BARAJAS,2021-11-01,50359
FUENCARRAL - EL PARDO,2021-11-01,247801
VILLAVERDE,2021-11-01,155047
PUENTE DE VALLECAS,2021-11-01,237512
SALAMANCA,2021-11-01,147206
USERA,2021-11-01,142037
CHAMARTÍN,2021-11-01,145477
MORATALAZ,2021-11-01,92966
VICÁLVARO,2021-11-01,79435
ARGANZUELA,2021-11-01,153982
VILLA DE VALLECAS,2021-11-01,115473
HORTALEZA,2021-11-01,194568
MONCLOA - ARAVACA,2021-11-01,121312
RETIRO,2021-11-01,118546
TETUÁN,2021-11-01,159053
CARABANCHEL,2021-11-01,257632
CENTRO,2021-11-01,142436
LATINA,2021-11-01,238985
CHAMBERÍ,2021-11-01,138783
CHAMARTÍN,2021-12-01,144670
CIUDAD LINEAL,2021-12-01,214613
TETUÁN,2021-12-01,157856
SALAMANCA,2021-12-01,145941
VILLA DE VALLECAS,2021-12-01,115108
HORTALEZA,2021-12-01,193797
CHAMBERÍ,2021-12-01,137729
SAN BLAS-CANILLEJAS,2021-12-01,159291
VILLAVERDE,2021-12-01,154305
BARAJAS,2021-12-01,50216
PUENTE DE VALLECAS,2021-12-01,236336
USERA,2021-12-01,141220
ARGANZUELA,2021-12-01,153027
MORATALAZ,2021-12-01,92659
CENTRO,2021-12-01,140183
MONCLOA - ARAVACA,2021-12-01,120746
FUENCARRAL - EL PARDO,2021-12-01,246859
RETIRO,2021-12-01,117972
CARABANCHEL,2021-12-01,256283
LATINA,2021-12-01,237780
VICÁLVARO,2021-12-01,79442
VILLAVERDE,2022-01-01,154800
CENTRO,2022-01-01,140534
VICÁLVARO,2022-01-01,79821
MONCLOA - ARAVACA,2022-01-01,120777
CIUDAD LINEAL,2022-01-01,215152
MORATALAZ,2022-01-01,92766
VILLA DE VALLECAS,2022-01-01,115479
CHAMARTÍN,2022-01-01,144940
PUENTE DE VALLECAS,2022-01-01,237062
TETUÁN,2022-01-01,158339
LATINA,2022-01-01,238317
USERA,2022-01-01,141610
FUENCARRAL - EL PARDO,2022-01-01,247277
SALAMANCA,2022-01-01,146173
ARGANZUELA,2022-01-01,153433
CHAMBERÍ,2022-01-01,137929
HORTALEZA,2022-01-01,194208
BARAJAS,2022-01-01,50252
RETIRO,2022-01-01,118138
CARABANCHEL,2022-01-01,257214
SAN BLAS-CANILLEJAS,2022-01-01,159693
MORATALAZ,2022-02-01,92725
BARAJAS,2022-02-01,48623
RETIRO,2022-02-01,118110
ARGANZUELA,2022-02-01,153389
CARABANCHEL,2022-02-01,257353
PUENTE DE VALLECAS,2022-02-01,237460
LATINA,2022-02-01,238531
CHAMBERÍ,2022-02-01,137914
FUENCARRAL - EL PARDO,2022-02-01,247308
MONCLOA - ARAVACA,2022-02-01,120713
VILLAVERDE,2022-02-01,155235
SALAMANCA,2022-02-01,146024
VILLA DE VALLECAS,2022-02-01,115660
VICÁLVARO,2022-02-01,80358
CENTRO,2022-02-01,140359
TETUÁN,2022-02-01,158455
CIUDAD LINEAL,2022-02-01,215314
CHAMARTÍN,2022-02-01,144977
HORTALEZA,2022-02-01,195994
SAN BLAS-CANILLEJAS,2022-02-01,160015
USERA,2022-02-01,141655
SAN BLAS-CANILLEJAS,2022-03-01,160588
CIUDAD LINEAL,2022-03-01,216073
BARAJAS,2022-03-01,48702
FUENCARRAL - EL PARDO,2022-03-01,247973
VILLAVERDE,2022-03-01,156219
HORTALEZA,2022-03-01,196851
USERA,2022-03-01,142331
RETIRO,2022-03-01,118306
CENTRO,2022-03-01,140495
CARABANCHEL,2022-03-01,258858
MONCLOA - ARAVACA,2022-03-01,120992
SALAMANCA,2022-03-01,146015
PUENTE DE VALLECAS,2022-03-01,238738
ARGANZUELA,2022-03-01,153518
VILLA DE VALLECAS,2022-03-01,116199
CHAMBERÍ,2022-03-01,138234
CHAMARTÍN,2022-03-01,145028
TETUÁN,2022-03-01,158983
LATINA,2022-03-01,239611
MORATALAZ,2022-03-01,92917
VICÁLVARO,2022-03-01,81058
CENTRO,2022-04-01,140678
HORTALEZA,2022-04-01,197262
SALAMANCA,2022-04-01,146212
PUENTE DE VALLECAS,2022-04-01,239595
USERA,2022-04-01,142878
FUENCARRAL - EL PARDO,2022-04-01,248604
CARABANCHEL,2022-04-01,260017
BARAJAS,2022-04-01,48850
VICÁLVARO,2022-04-01,81588
CIUDAD LINEAL,2022-04-01,216808
MONCLOA - ARAVACA,2022-04-01,121218
ARGANZUELA,2022-04-01,153739
CHAMBERÍ,2022-04-01,138377
MORATALAZ,2022-04-01,93123
RETIRO,2022-04-01,118416
CHAMARTÍN,2022-04-01,145210
TETUÁN,2022-04-01,159505
VILLAVERDE,2022-04-01,156979
SAN BLAS-CANILLEJAS,2022-04-01,160987
VILLA DE VALLECAS,2022-04-01,116476
LATINA,2022-04-01,240483
SAN BLAS-CANILLEJAS,2022-05-01,161563
FUENCARRAL - EL PARDO,2022-05-01,248772
RETIRO,2022-05-01,118519
PUENTE DE VALLECAS,2022-05-01,240343
SALAMANCA,2022-05-01,146268
LATINA,2022-05-01,241229
ARGANZUELA,2022-05-01,153937
CHAMBERÍ,2022-05-01,138514
CARABANCHEL,2022-05-01,261317
BARAJAS,2022-05-01,48839
CENTRO,2022-05-01,141001
TETUÁN,2022-05-01,159877
CIUDAD LINEAL,2022-05-01,217295
VILLA DE VALLECAS,2022-05-01,116707
VILLAVERDE,2022-05-01,157619
CHAMARTÍN,2022-05-01,145185
VICÁLVARO,2022-05-01,82027
MONCLOA - ARAVACA,2022-05-01,121422
HORTALEZA,2022-05-01,197793
MORATALAZ,2022-05-01,93326
USERA,2022-05-01,143338
MONCLOA - ARAVACA,2022-06-01,121647
MORATALAZ,2022-06-01,93362
RETIRO,2022-06-01,118533
VILLAVERDE,2022-06-01,157990
CENTRO,2022-06-01,141072
VILLA DE VALLECAS,2022-06-01,116924
LATINA,2022-06-01,241551
CHAMBERÍ,2022-06-01,138638
CHAMARTÍN,2022-06-01,145285
HORTALEZA,2022-06-01,198180
ARGANZUELA,2022-06-01,154071
TETUÁN,2022-06-01,160164
SALAMANCA,2022-06-01,146246
PUENTE DE VALLECAS,2022-06-01,240828
USERA,2022-06-01,143517
FUENCARRAL - EL PARDO,2022-06-01,249081
BARAJAS,2022-06-01,48844
CIUDAD LINEAL,2022-06-01,218074
SAN BLAS-CANILLEJAS,2022-06-01,161763
CARABANCHEL,2022-06-01,261908
VICÁLVARO,2022-06-01,82303
BARAJAS,2022-07-01,48846
USERA,2022-07-01,143695
CARABANCHEL,2022-07-01,262496
VICÁLVARO,2022-07-01,82577
PUENTE DE VALLECAS,2022-07-01,241308
FUENCARRAL - EL PARDO,2022-07-01,249387
MORATALAZ,2022-07-01,93394
SALAMANCA,2022-07-01,146224
LATINA,2022-07-01,241869
VILLA DE VALLECAS,2022-07-01,117140
CHAMBERÍ,2022-07-01,138758
CHAMARTÍN,2022-07-01,145383
RETIRO,2022-07-01,118545
TETUÁN,2022-07-01,160449
ARGANZUELA,2022-07-01,154200
MONCLOA - ARAVACA,2022-07-01,121869
CIUDAD LINEAL,2022-07-01,218848
HORTALEZA,2022-07-01,198565
SAN BLAS-CANILLEJAS,2022-07-01,161957
CENTRO,2022-07-01,141143
VILLAVERDE,2022-07-01,158358
TETUÁN,2022-08-01,159930
VILLA DE VALLECAS,2022-08-01,117029
SALAMANCA,2022-08-01,145498
CARABANCHEL,2022-08-01,262037
CHAMBERÍ,2022-08-01,138195
LATINA,2022-08-01,241467
CHAMARTÍN,2022-08-01,144802
MONCLOA - ARAVACA,2022-08-01,121626
VILLAVERDE,2022-08-01,158253
SAN BLAS-CANILLEJAS,2022-08-01,161713
FUENCARRAL - EL PARDO,2022-08-01,248875
PUENTE DE VALLECAS,2022-08-01,241102
ARGANZUELA,2022-08-01,153725
MORATALAZ,2022-08-01,93294
RETIRO,2022-08-01,118263
BARAJAS,2022-08-01,48734
CENTRO,2022-08-01,140024
CIUDAD LINEAL,2022-08-01,218566
USERA,2022-08-01,143414
HORTALEZA,2022-08-01,198350
VICÁLVARO,2022-08-01,82670
FUENCARRAL - EL PARDO,2022-09-01,249290
USERA,2022-09-01,143635
LATINA,2022-09-01,241978
BARAJAS,2022-09-01,48808
CHAMARTÍN,2022-09-01,145368
SAN BLAS-CANILLEJAS,2022-09-01,162002
ARGANZUELA,2022-09-01,154118
MONCLOA - ARAVACA,2022-09-01,122097
CARABANCHEL,2022-09-01,262970
SALAMANCA,2022-09-01,146447
MORATALAZ,2022-09-01,93399
CIUDAD LINEAL,2022-09-01,219384
TETUÁN,2022-09-01,160729
HORTALEZA,2022-09-01,198926
RETIRO,2022-09-01,118444
PUENTE DE VALLECAS,2022-09-01,241863
VILLAVERDE,2022-09-01,158870
VILLA DE VALLECAS,2022-09-01,117415
CENTRO,2022-09-01,140723
CHAMBERÍ,2022-09-01,138881
VICÁLVARO,2022-09-01,83029
MONCLOA - ARAVACA,2022-10-01,122360
HORTALEZA,2022-10-01,199141
CHAMARTÍN,2022-10-01,145630
VILLAVERDE,2022-10-01,159298
USERA,2022-10-01,143803
FUENCARRAL - EL PARDO,2022-10-01,249603
CHAMBERÍ,2022-10-01,139374
CENTRO,2022-10-01,141405
LATINA,2022-10-01,242282
BARAJAS,2022-10-01,48880
RETIRO,2022-10-01,118639
SALAMANCA,2022-10-01,147055
VICÁLVARO,2022-10-01,83391
CARABANCHEL,2022-10-01,263539
CIUDAD LINEAL,2022-10-01,219846
TETUÁN,2022-10-01,161166
ARGANZUELA,2022-10-01,154371
VILLA DE VALLECAS,2022-10-01,117674
PUENTE DE VALLECAS,2022-10-01,242531
MORATALAZ,2022-10-01,93446
SAN BLAS-CANILLEJAS,2022-10-01,162141
LATINA,2022-11-01,241738
HORTALEZA,2022-11-01,198477
MORATALAZ,2022-11-01,93069
MONCLOA - ARAVACA,2022-11-01,122024
BARAJAS,2022-11-01,48728
VICÁLVARO,2022-11-01,83498
ARGANZUELA,2022-11-01,153732
VILLA DE VALLECAS,2022-11-01,117392
VILLAVERDE,2022-11-01,158913
PUENTE DE VALLECAS,2022-11-01,241236
FUENCARRAL - EL PARDO,2022-11-01,248755
RETIRO,2022-11-01,118186
CARABANCHEL,2022-11-01,262348
CHAMARTÍN,2022-11-01,145030
CIUDAD LINEAL,2022-11-01,219963
CENTRO,2022-11-01,139924
SALAMANCA,2022-11-01,146033
TETUÁN,2022-11-01,160169
USERA,2022-11-01,142799
SAN BLAS-CANILLEJAS,2022-11-01,161363
CHAMBERÍ,2022-11-01,138658
VICÁLVARO,2022-12-01,0
BARAJAS,2022-12-01,0
CARABANCHEL,2022-12-01,0
SALAMANCA,2022-12-01,0
LATINA,2022-12-01,0
CENTRO,2022-12-01,0
ARGANZUELA,2022-12-01,0
CHAMARTÍN,2022-12-01,0
MONCLOA - ARAVACA,2022-12-01,0
CIUDAD LINEAL,2022-12-01,0
MORATALAZ,2022-12-01,0
TETUÁN,2022-12-01,0
PUENTE DE VALLECAS,2022-12-01,0
FUENCARRAL - EL PARDO,2022-12-01,0
VILLAVERDE,2022-12-01,0
USERA,2022-12-01,0
RETIRO,2022-12-01,0
SAN BLAS-CANILLEJAS,2022-12-01,0
HORTALEZA,2022-12-01,0
CHAMBERÍ,2022-12-01,0
VILLA DE VALLECAS,2022-12-01,0
SALAMANCA,2023-01-01,0
CHAMBERÍ,2023-01-01,0
ARGANZUELA,2023-01-01,0
TETUÁN,2023-01-01,0
CENTRO,2023-01-01,0
HORTALEZA,2023-01-01,0
MONCLOA - ARAVACA,2023-01-01,0
CIUDAD LINEAL,2023-01-01,0
MORATALAZ,2023-01-01,0
CHAMARTÍN,2023-01-01,0
USERA,2023-01-01,0
VILLAVERDE,2023-01-01,0
LATINA,2023-01-01,0
PUENTE DE VALLECAS,2023-01-01,0
BARAJAS,2023-01-01,0
FUENCARRAL - EL PARDO,2023-01-01,0
VILLA DE VALLECAS,2023-01-01,0
CARABANCHEL,2023-01-01,0
RETIRO,2023-01-01,0
SAN BLAS-CANILLEJAS,2023-01-01,0
VICÁLVARO,2023-01-01,0
BARAJAS,2023-02-01,0
LATINA,2023-02-01,0
RETIRO,2023-02-01,0
VICÁLVARO,2023-02-01,0
HORTALEZA,2023-02-01,0
MORATALAZ,2023-02-01,0
CHAMBERÍ,2023-02-01,0
CIUDAD LINEAL,2023-02-01,0
ARGANZUELA,2023-02-01,0
USERA,2023-02-01,0
SALAMANCA,2023-02-01,0
CARABANCHEL,2023-02-01,0
FUENCARRAL - EL PARDO,2023-02-01,0
MONCLOA - ARAVACA,2023-02-01,0
TETUÁN,2023-02-01,0
VILLAVERDE,2023-02-01,0
SAN BLAS-CANILLEJAS,2023-02-01,0
PUENTE DE VALLECAS,2023-02-01,0
CENTRO,2023-02-01,0
CHAMARTÍN,2023-02-01,0
VILLA DE VALLECAS,2023-02-01,0
SALAMANCA,2023-03-01,0
USERA,2023-03-01,0
PUENTE DE VALLECAS,2023-03-01,0
SAN BLAS-CANILLEJAS,2023-03-01,0
BARAJAS,2023-03-01,0
RETIRO,2023-03-01,0
HORTALEZA,2023-03-01,0
VILLAVERDE,2023-03-01,0
CHAMBERÍ,2023-03-01,0
TETUÁN,2023-03-01,0
CIUDAD LINEAL,2023-03-01,0
VILLA DE VALLECAS,2023-03-01,0
CARABANCHEL,2023-03-01,0
FUENCARRAL - EL PARDO,2023-03-01,0
MORATALAZ,2023-03-01,0
MONCLOA - ARAVACA,2023-03-01,0
ARGANZUELA,2023-03-01,0
VICÁLVARO,2023-03-01,0
CENTRO,2023-03-01,0
LATINA,2023-03-01,0
CHAMARTÍN,2023-03-01,0
MORATALAZ,2023-04-01,0
CHAMBERÍ,2023-04-01,0
BARAJAS,2023-04-01,0
MONCLOA - ARAVACA,2023-04-01,0
VICÁLVARO,2023-04-01,0
TETUÁN,2023-04-01,0
CIUDAD LINEAL,2023-04-01,0
SALAMANCA,2023-04-01,0
VILLAVERDE,2023-04-01,0
CARABANCHEL,2023-04-01,0
HORTALEZA,2023-04-01,0
LATINA,2023-04-01,0
FUENCARRAL - EL PARDO,2023-04-01,0
CENTRO,2023-04-01,0
PUENTE DE VALLECAS,2023-04-01,0
VILLA DE VALLECAS,2023-04-01,0
USERA,2023-04-01,0
SAN BLAS-CANILLEJAS,2023-04-01,0
ARGANZUELA,2023-04-01,0
RETIRO,2023-04-01,0
CHAMARTÍN,2023-04-01,0
HORTALEZA,2023-05-01,0
TETUÁN,2023-05-01,0
CENTRO,2023-05-01,0
MORATALAZ,2023-05-01,0
CIUDAD LINEAL,2023-05-01,0
VILLA DE VALLECAS,2023-05-01,0
ARGANZUELA,2023-05-01,0
FUENCARRAL - EL PARDO,2023-05-01,0
SALAMANCA,2023-05-01,0
VICÁLVARO,2023-05-01,0
VILLAVERDE,2023-05-01,0
SAN BLAS-CANILLEJAS,2023-05-01,0
USERA,2023-05-01,0
PUENTE DE VALLECAS,2023-05-01,0
CHAMBERÍ,2023-05-01,0
CARABANCHEL,2023-05-01,0
RETIRO,2023-05-01,0
MONCLOA - ARAVACA,2023-05-01,0
LATINA,2023-05-01,0
CHAMARTÍN,2023-05-01,0
BARAJAS,2023-05-01,0
CIUDAD LINEAL,2023-06-01,0
VICÁLVARO,2023-06-01,0
USERA,2023-06-01,0
CARABANCHEL,2023-06-01,0
SAN BLAS-CANILLEJAS,2023-06-01,0
CENTRO,2023-06-01,0
VILLA DE VALLECAS,2023-06-01,0
PUENTE DE VALLECAS,2023-06-01,0
VILLAVERDE,2023-06-01,0
FUENCARRAL - EL PARDO,2023-06-01,0
CHAMARTÍN,2023-06-01,0
ARGANZUELA,2023-06-01,0
MORATALAZ,2023-06-01,0
MONCLOA - ARAVACA,2023-06-01,0
SALAMANCA,2023-06-01,0
BARAJAS,2023-06-01,0
LATINA,2023-06-01,0
CHAMBERÍ,2023-06-01,0
TETUÁN,2023-06-01,0
RETIRO,2023-06-01,0
HORTALEZA,2023-06-01,0
CARABANCHEL,2023-07-01,0
HORTALEZA,2023-07-01,0
CENTRO,2023-07-01,0
ARGANZUELA,2023-07-01,0
PUENTE DE VALLECAS,2023-07-01,0
SALAMANCA,2023-07-01,0
VILLAVERDE,2023-07-01,0
FUENCARRAL - EL PARDO,2023-07-01,0
CHAMBERÍ,2023-07-01,0
RETIRO,2023-07-01,0
SAN BLAS-CANILLEJAS,2023-07-01,0
CIUDAD LINEAL,2023-07-01,0
VILLA DE VALLECAS,2023-07-01,0
MORATALAZ,2023-07-01,0
MONCLOA - ARAVACA,2023-07-01,0
VICÁLVARO,2023-07-01,0
TETUÁN,2023-07-01,0
LATINA,2023-07-01,0
USERA,2023-07-01,0
BARAJAS,2023-07-01,0
CHAMARTÍN,2023-07-01,0
MONCLOA - ARAVACA,2023-08-01,0
SAN BLAS-CANILLEJAS,2023-08-01,0
CHAMBERÍ,2023-08-01,0
SALAMANCA,2023-08-01,0
VILLAVERDE,2023-08-01,0
VILLA DE VALLECAS,2023-08-01,0
ARGANZUELA,2023-08-01,0
LATINA,2023-08-01,0
CHAMARTÍN,2023-08-01,0
CENTRO,2023-08-01,0
PUENTE DE VALLECAS,2023-08-01,0
TETUÁN,2023-08-01,0
BARAJAS,2023-08-01,0
RETIRO,2023-08-01,0
FUENCARRAL - EL PARDO,2023-08-01,0
HORTALEZA,2023-08-01,0
VICÁLVARO,2023-08-01,0
USERA,2023-08-01,0
CARABANCHEL,2023-08-01,0
CIUDAD LINEAL,2023-08-01,0
MORATALAZ,2023-08-01,0
CARABANCHEL,2023-09-01,0
ARGANZUELA,2023-09-01,0
SAN BLAS-CANILLEJAS,2023-09-01,0
HORTALEZA,2023-09-01,0
CIUDAD LINEAL,2023-09-01,0
TETUÁN,2023-09-01,0
SALAMANCA,2023-09-01,0
VICÁLVARO,2023-09-01,0
CHAMBERÍ,2023-09-01,0
MONCLOA - ARAVACA,2023-09-01,0
RETIRO,2023-09-01,0
BARAJAS,2023-09-01,0
CHAMARTÍN,2023-09-01,0
USERA,2023-09-01,0
LATINA,2023-09-01,0
VILLA DE VALLECAS,2023-09-01,0
MORATALAZ,2023-09-01,0
CENTRO,2023-09-01,0
PUENTE DE VALLECAS,2023-09-01,0
VILLAVERDE,2023-09-01,0
FUENCARRAL - EL PARDO,2023-09-01,0
SALAMANCA,2023-10-01,0
USERA,2023-10-01,0
CENTRO,2023-10-01,0
FUENCARRAL - EL PARDO,2023-10-01,0
PUENTE DE VALLECAS,2023-10-01,0
CHAMBERÍ,2023-10-01,0
MONCLOA - ARAVACA,2023-10-01,0
RETIRO,2023-10-01,0
VILLAVERDE,2023-10-01,0
BARAJAS,2023-10-01,0
TETUÁN,2023-10-01,0
CIUDAD LINEAL,2023-10-01,0
VICÁLVARO,2023-10-01,0
HORTALEZA,2023-10-01,0
MORATALAZ,2023-10-01,0
LATINA,2023-10-01,0
CHAMARTÍN,2023-10-01,0
CARABANCHEL,2023-10-01,0
VILLA DE VALLECAS,2023-10-01,0
SAN BLAS-CANILLEJAS,2023-10-01,0
ARGANZUELA,2023-10-01,0
VILLA DE VALLECAS,2023-11-01,0
VILLAVERDE,2023-11-01,0
PUENTE DE VALLECAS,2023-11-01,0
RETIRO,2023-11-01,0
MONCLOA - ARAVACA,2023-11-01,0
MORATALAZ,2023-11-01,0
BARAJAS,2023-11-01,0
VICÁLVARO,2023-11-01,0
CHAMBERÍ,2023-11-01,0
ARGANZUELA,2023-11-01,0
FUENCARRAL - EL PARDO,2023-11-01,0
CENTRO,2023-11-01,0
CHAMARTÍN,2023-11-01,0
USERA,2023-11-01,0
SALAMANCA,2023-11-01,0
HORTALEZA,2023-11-01,0
CARABANCHEL,2023-11-01,0
LATINA,2023-11-01,0
CIUDAD LINEAL,2023-11-01,0
SAN BLAS-CANILLEJAS,2023-11-01,0
TETUÁN,2023-11-01,0
MONCLOA - ARAVACA,2023-12-01,0
LATINA,2023-12-01,0
PUENTE DE VALLECAS,2023-12-01,0
VICÁLVARO,2023-12-01,0
SAN BLAS-CANILLEJAS,2023-12-01,0
CHAMARTÍN,2023-12-01,0
CARABANCHEL,2023-12-01,0
FUENCARRAL - EL PARDO,2023-12-01,0
VILLAVERDE,2023-12-01,0
USERA,2023-12-01,0
BARAJAS,2023-12-01,0
RETIRO,2023-12-01,0
ARGANZUELA,2023-12-01,0
MORATALAZ,2023-12-01,0
TETUÁN,2023-12-01,0
CENTRO,2023-12-01,0
CHAMBERÍ,2023-12-01,0
VILLA DE VALLECAS,2023-12-01,0
SALAMANCA,2023-12-01,0
HORTALEZA,2023-12-01,0
CIUDAD LINEAL,2023-12-01,0
USERA,2024-01-01,0
VILLA DE VALLECAS,2024-01-01,0
CARABANCHEL,2024-01-01,0
CIUDAD LINEAL,2024-01-01,0
CENTRO,2024-01-01,0
CHAMARTÍN,2024-01-01,0
FUENCARRAL - EL PARDO,2024-01-01,0
SAN BLAS-CANILLEJAS,2024-01-01,0
MORATALAZ,2024-01-01,0
ARGANZUELA,2024-01-01,0
HORTALEZA,2024-01-01,0
SALAMANCA,2024-01-01,0
PUENTE DE VALLECAS,2024-01-01,0
MONCLOA - ARAVACA,2024-01-01,0
BARAJAS,2024-01-01,0
TETUÁN,2024-01-01,0
RETIRO,2024-01-01,0
VILLAVERDE,2024-01-01,0
CHAMBERÍ,2024-01-01,0
LATINA,2024-01-01,0
VICÁLVARO,2024-01-01,0
FUENCARRAL - EL PARDO,2024-02-01,0
LATINA,2024-02-01,0
SAN BLAS-CANILLEJAS,2024-02-01,0
BARAJAS,2024-02-01,0
ARGANZUELA,2024-02-01,0
PUENTE DE VALLECAS,2024-02-01,0
VILLA DE VALLECAS,2024-02-01,0
MORATALAZ,2024-02-01,0
MONCLOA - ARAVACA,2024-02-01,0
SALAMANCA,2024-02-01,0
CHAMARTÍN,2024-02-01,0
VICÁLVARO,2024-02-01,0
RETIRO,2024-02-01,0
TETUÁN,2024-02-01,0
CIUDAD LINEAL,2024-02-01,0
CARABANCHEL,2024-02-01,0
CHAMBERÍ,2024-02-01,0
USERA,2024-02-01,0
CENTRO,2024-02-01,0
VILLAVERDE,2024-02-01,0
HORTALEZA,2024-02-01,0
FUENCARRAL - EL PARDO,2024-03-01,0
TETUÁN,2024-03-01,0
PUENTE DE VALLECAS,2024-03-01,0
CENTRO,2024-03-01,0
VICÁLVARO,2024-03-01,0
ARGANZUELA,2024-03-01,0
MORATALAZ,2024-03-01,0
HORTALEZA,2024-03-01,0
SAN BLAS-CANILLEJAS,2024-03-01,0
CHAMARTÍN,2024-03-01,0
CARABANCHEL,2024-03-01,0
USERA,2024-03-01,0
SALAMANCA,2024-03-01,0
CHAMBERÍ,2024-03-01,0
CIUDAD LINEAL,2024-03-01,0
RETIRO,2024-03-01,0
MONCLOA - ARAVACA,2024-03-01,0
LATINA,2024-03-01,0
BARAJAS,2024-03-01,0
VILLA DE VALLECAS,2024-03-01,0
VILLAVERDE,2024-03-01,0
